timestamp;cpu_pct;mem_pct;threads;gpu_util_pct;vram_used_mib
2026-09-11T17:24:09.219800272;0.2;0.6;17;0;2327
2026-09-11T17:24:10.606625266;0.2;0.6;17;0;2327
2026-09-11T17:24:11.744550294;0.2;0.6;17;0;2327
2026-09-11T17:24:12.854149055;0.2;0.6;17;0;2327
2026-09-11T17:24:13.937357922;0.2;0.6;17;0;2327
2026-09-11T17:24:15.86478474;0.2;0.6;17;0;2327
2026-09-11T17:24:16.173168653;0.2;0.5;17;0;0
2026-09-11T17:24:19.735358528;0.2;0.5;17;0;0
2026-09-11T17:24:25.768229526;0.2;0.5;17;0;0
2026-09-11T17:24:28.243158753;0.2;0.5;17;0;0
2026-09-11T17:24:30.272276433;0.2;0.5;17;0;0
2026-09-11T17:24:32.414730466;0.2;0.5;17;0;0
2026-09-11T17:24:35.19297703;0.2;0.5;17;0;0
2026-09-11T17:24:37.116310203;0.2;0.5;17;0;0
2026-09-11T17:24:39.202271830;0.2;0.5;17;0;0
2026-09-11T17:24:41.263308716;0.2;0.5;17;0;0
2026-09-11T17:24:43.218512763;0.2;0.5;17;0;0
2026-09-11T17:24:45.206517855;0.2;0.5;17;0;0
2026-09-11T17:24:47.386869648;0.2;0.5;17;0;0
2026-09-11T17:24:49.341851184;0.2;0.5;17;0;0
2026-09-11T17:24:51.291999332;0.2;0.5;17;0;0
2026-09-11T17:24:53.254568417;0.2;0.5;17;0;0
2026-09-11T17:24:55.273948160;0.2;0.5;17;0;0
2026-09-11T17:24:57.348845596;0.2;0.5;17;0;0
2026-09-11T17:24:59.348333608;0.2;0.5;17;0;0
2026-09-11T17:25:01.341637272;0.2;0.5;17;0;0
2026-09-11T17:25:03.340926762;0.2;0.5;17;0;0
2026-09-11T17:25:05.282360471;0.2;0.5;17;0;0
2026-09-11T17:25:07.252689074;0.2;0.5;17;0;0
2026-09-11T17:25:09.229414353;0.2;0.5;17;0;0
2026-09-11T17:25:11.188227224;0.2;0.5;17;0;0
2026-09-11T17:25:13.148216769;0.2;0.5;17;0;0
2026-09-11T17:25:15.435624128;0.2;0.5;17;1;69
2026-09-11T17:25:16.560632855;0.2;0.6;17;0;0
2026-09-11T17:25:18.335789572;0.2;0.6;17;0;69
2026-09-11T17:25:19.419475005;0.2;0.6;17;0;69
2026-09-11T17:25:20.515194683;0.2;0.6;17;0;69
2026-09-11T17:25:21.824123739;0.2;0.6;17;0;69
2026-09-11T17:25:23.228925729;0.2;0.6;17;0;69
2026-09-11T17:25:24.503766543;0.2;0.6;17;0;69
2026-09-11T17:25:25.991190403;0.2;0.6;17;0;69
2026-09-11T17:25:27.147755104;0.2;0.6;17;0;69
2026-09-11T17:25:28.867755773;0.2;0.6;17;0;69
2026-09-11T17:25:30.372343064;0.2;0.6;17;0;69
2026-09-11T17:25:31.600649269;0.2;0.6;17;16;1813
2026-09-11T17:25:32.837370252;0.2;0.6;18;5;1813
2026-09-11T17:25:34.506024606;0.2;0.5;18;0;1813
2026-09-11T17:25:36.834435554;0.2;0.5;18;15;1813
2026-09-11T17:25:38.525480407;0.2;0.5;18;0;1813
2026-09-11T17:25:40.772594754;0.3;0.5;18;0;1813
2026-09-11T17:25:44.650190332;0.3;0.5;18;10;1813
2026-09-11T17:25:48.221315555;0.3;0.5;18;3;1813
2026-09-11T17:25:49.597184074;0.3;0.5;18;5;1813
2026-09-11T17:25:50.824456734;0.3;0.5;18;0;1813
2026-09-11T17:25:52.95635072;0.3;0.5;18;0;2299
2026-09-11T17:25:53.461055497;0.3;0.5;18;2;2309
2026-09-11T17:25:54.708001557;0.3;1.0;18;0;2321
2026-09-11T17:25:56.134199468;0.3;1.0;18;0;2321
2026-09-11T17:25:59.45694882;0.3;1.0;18;0;2321
2026-09-11T17:26:00.981516500;0.3;1.0;18;58;2325
2026-09-11T17:26:02.197279730;0.3;1.0;18;89;2327
2026-09-11T17:26:03.410968708;0.3;1.0;18;35;2327
2026-09-11T17:26:04.590989796;0.3;1.0;18;38;2327
2026-09-11T17:26:06.363625565;0.3;1.0;18;34;2327
2026-09-11T17:26:07.529436333;0.3;1.0;18;0;2327
2026-09-11T17:26:08.697324749;0.4;1.0;18;0;2327
2026-09-11T17:26:10.722656756;0.4;1.0;18;0;2327
2026-09-11T17:26:14.57707163;0.3;1.0;18;0;2327
2026-09-11T17:26:15.630692189;0.3;1.0;18;0;2327
2026-09-11T17:26:16.928997042;0.3;1.0;18;0;2327
2026-09-11T17:26:18.142665577;0.4;1.0;18;40;2327
2026-09-11T17:26:19.501538075;0.4;1.0;18;0;2327
2026-09-11T17:26:20.740380064;0.4;1.0;18;0;2327
2026-09-11T17:26:21.954823676;0.3;1.0;18;0;2327
2026-09-11T17:26:23.105036330;0.3;1.0;18;0;2327
2026-09-11T17:26:24.409596293;0.3;1.0;18;0;2327
2026-09-11T17:26:25.669307331;0.3;1.0;18;0;2327
2026-09-11T17:26:26.792279742;0.3;1.0;18;0;2327
2026-09-11T17:26:27.887985335;0.3;1.0;18;0;2327
2026-09-11T17:26:29.44070902;0.3;1.0;18;0;2327
2026-09-11T17:26:30.192367630;0.3;1.0;18;0;2327
2026-09-11T17:26:31.277796962;0.3;1.0;18;0;2327
2026-09-11T17:26:32.653884527;0.3;1.0;18;0;2327
2026-09-11T17:26:33.728198026;0.3;1.0;18;0;2327
2026-09-11T17:26:34.807666326;0.3;1.0;18;0;2327
2026-09-11T17:26:35.878518711;0.3;1.0;18;0;2327
2026-09-11T17:26:36.962138320;0.3;1.0;18;0;2327
2026-09-11T17:26:38.72399701;0.3;1.0;18;0;2327
2026-09-11T17:26:39.142738893;0.3;1.0;18;0;2327
2026-09-11T17:26:40.294995330;0.3;1.0;18;0;2327
2026-09-11T17:26:41.448679329;0.3;1.0;18;0;2327
2026-09-11T17:26:42.543973742;0.3;1.0;18;0;2327
2026-09-11T17:26:43.631339282;0.3;1.0;18;0;2327
2026-09-11T17:26:44.706789453;0.3;1.0;18;0;2327
2026-09-11T17:26:45.784146481;0.3;1.0;18;0;2327
2026-09-11T17:26:46.864315668;0.3;1.0;18;0;2327
2026-09-11T17:26:47.936086290;0.3;1.0;18;0;2327
2026-09-11T17:26:49.59046537;0.3;1.0;18;0;2327
2026-09-11T17:26:50.360627526;0.3;0.9;18;0;2327
2026-09-11T17:26:54.226667475;0.3;1.0;18;1;2327
2026-09-11T17:26:55.406843068;0.3;1.0;18;37;2327
2026-09-11T17:26:56.544499903;0.3;1.0;18;47;2327
2026-09-11T17:26:57.661898117;0.3;1.0;18;0;2327
2026-09-11T17:26:58.863782215;0.3;1.0;18;51;2329
2026-09-11T17:27:00.998357474;0.4;1.0;18;48;2329
2026-09-11T17:27:02.185448267;0.4;1.0;18;46;2329
2026-09-11T17:27:03.447851074;0.4;1.0;18;0;2329
2026-09-11T17:27:04.547233923;0.4;1.0;18;0;2329
2026-09-11T17:27:05.628788702;0.4;1.0;18;0;2329
2026-09-11T17:27:06.869111836;0.4;1.0;18;0;2329
2026-09-11T17:27:07.954535185;0.4;1.0;18;0;2329
2026-09-11T17:27:09.179574822;0.4;1.0;18;0;2329
2026-09-11T17:27:11.296028748;0.4;1.0;18;0;2329
2026-09-11T17:27:12.495356600;0.4;1.0;18;0;2329
2026-09-11T17:27:13.645769557;0.4;1.0;18;0;2329
2026-09-11T17:27:14.933308225;0.4;1.0;18;0;2329
2026-09-11T17:27:16.12450786;0.4;1.0;18;0;2329
2026-09-11T17:27:17.89370895;0.4;1.0;18;0;2329
2026-09-11T17:27:18.159887382;0.4;1.0;18;0;2329
2026-09-11T17:27:19.233872240;0.4;1.0;18;0;2329
2026-09-11T17:27:20.304260404;0.4;1.0;18;0;2329
2026-09-11T17:27:21.369419738;0.3;1.0;18;0;2329
2026-09-11T17:27:22.456003581;0.3;1.0;18;0;2329
2026-09-11T17:27:23.574390277;0.3;1.0;18;0;2329
2026-09-11T17:27:24.681122064;0.3;1.0;18;0;2329
2026-09-11T17:27:25.792640830;0.3;1.0;18;0;2329
2026-09-11T17:27:26.859026816;0.3;1.0;18;0;2329
2026-09-11T17:27:28.167021706;0.3;1.0;18;0;2329
2026-09-11T17:27:29.254859796;0.3;1.0;18;0;2329
2026-09-11T17:27:30.333884297;0.3;1.0;18;0;2329
2026-09-11T17:27:31.412364663;0.3;1.0;18;0;2329
2026-09-11T17:27:32.480606427;0.3;1.0;18;0;2329
2026-09-11T17:27:33.549054660;0.3;1.0;18;0;2329
2026-09-11T17:27:34.669195153;0.3;1.0;18;0;2329
2026-09-11T17:27:35.739919601;0.3;1.0;18;0;2329
2026-09-11T17:27:36.812438574;0.3;1.0;18;0;2329
2026-09-11T17:27:37.883576085;0.3;1.0;18;0;2329
2026-09-11T17:27:38.950694174;0.3;1.0;18;0;2329
2026-09-11T17:27:40.20824764;0.3;1.0;18;0;2329
2026-09-11T17:27:41.185407017;0.3;1.0;18;0;2329
2026-09-11T17:27:42.276770986;0.3;1.0;18;0;2329
2026-09-11T17:27:43.360710761;0.3;1.0;18;0;2329
2026-09-11T17:27:44.432297682;0.3;1.0;18;0;2329
2026-09-11T17:27:45.540622525;0.3;1.0;18;0;2329
2026-09-11T17:27:46.619564199;0.3;1.0;18;0;2329
2026-09-11T17:27:47.695309735;0.3;1.0;18;0;2329
2026-09-11T17:27:48.961022936;0.4;1.0;18;23;2329
2026-09-11T17:27:50.123894153;0.4;1.0;18;37;2329
2026-09-11T17:27:51.252594195;0.4;1.0;18;52;2329
2026-09-11T17:27:52.380064172;0.4;1.0;18;0;2329
2026-09-11T17:27:53.450426606;0.4;1.0;18;0;2329
2026-09-11T17:27:54.520570065;0.4;1.0;18;0;2329
2026-09-11T17:27:55.614297264;0.4;1.0;18;0;2329
2026-09-11T17:27:56.729042904;0.4;1.0;18;0;2329
2026-09-11T17:27:57.797655427;0.4;1.0;18;0;2329
2026-09-11T17:27:58.887947298;0.4;1.0;18;0;2329
2026-09-11T17:27:59.969779153;0.4;1.0;18;0;2329
2026-09-11T17:28:01.42938875;0.4;1.0;18;0;2329
2026-09-11T17:28:02.120848125;0.4;1.0;18;0;2329
2026-09-11T17:28:03.194498811;0.4;1.0;18;0;2329
2026-09-11T17:28:04.264356854;0.4;1.0;18;0;2329
2026-09-11T17:28:05.334971310;0.4;1.0;18;0;2329
2026-09-11T17:28:06.418216082;0.4;1.0;18;0;2329
2026-09-11T17:28:07.497368334;0.4;1.0;18;0;2329
2026-09-11T17:28:08.570119695;0.4;1.0;18;0;2329
2026-09-11T17:28:09.651247485;0.4;1.0;18;0;2329
2026-09-11T17:28:10.746204315;0.4;1.0;18;0;2329
2026-09-11T17:28:11.813614356;0.4;1.0;18;0;2329
2026-09-11T17:28:12.887429160;0.4;1.0;18;0;2329
2026-09-11T17:28:13.971490418;0.4;1.0;18;0;2329
2026-09-11T17:28:15.240022168;0.4;1.0;18;0;2329
2026-09-11T17:28:16.316484185;0.3;1.0;18;0;2329
2026-09-11T17:28:17.386705671;0.3;1.0;18;0;2329
2026-09-11T17:28:18.539881124;0.3;1.0;18;0;2329
2026-09-11T17:28:19.643823519;0.3;1.0;18;0;2329
2026-09-11T17:28:20.710983689;0.3;1.0;18;0;2329
2026-09-11T17:28:21.833679748;0.3;1.0;18;0;2329
2026-09-11T17:28:22.923397102;0.3;1.0;18;0;2329
2026-09-11T17:28:24.984900;0.3;1.0;18;0;2329
2026-09-11T17:28:25.85252127;0.3;1.0;18;0;2329
2026-09-11T17:28:26.187665677;0.3;1.0;18;0;2329
2026-09-11T17:28:27.259610600;0.3;1.0;18;0;2329
2026-09-11T17:28:28.336528514;0.3;1.0;18;0;2329
2026-09-11T17:28:29.417638009;0.3;1.0;18;0;2329
2026-09-11T17:28:30.484408841;0.3;1.0;18;0;2329
2026-09-11T17:28:31.568760559;0.3;1.0;18;0;2329
2026-09-11T17:28:32.649219121;0.3;1.0;18;0;2329
2026-09-11T17:28:33.729375483;0.3;1.0;18;0;2329
2026-09-11T17:28:34.802150375;0.3;1.0;18;0;2329
2026-09-11T17:28:35.880896272;0.3;1.0;18;0;2329
2026-09-11T17:28:36.958752447;0.3;1.0;18;0;2329
2026-09-11T17:28:38.46827580;0.3;1.0;18;0;2329
2026-09-11T17:28:39.111962688;0.3;0.7;18;64;2329
2026-09-11T17:28:40.340938599;0.3;0.7;18;14;2329
2026-09-11T17:28:41.600305721;0.3;0.7;18;35;2329
2026-09-11T17:28:42.729320713;0.4;0.7;18;32;2329
2026-09-11T17:28:43.873886805;0.4;0.7;18;0;2329
2026-09-11T17:28:44.999793246;0.4;0.7;18;0;2329
2026-09-11T17:28:46.72140387;0.4;0.7;18;0;2329
2026-09-11T17:28:47.147184875;0.4;0.7;18;0;2329
2026-09-11T17:28:48.224905117;0.4;0.7;18;0;2329
2026-09-11T17:28:49.293263136;0.3;0.7;18;0;2329
2026-09-11T17:28:50.363493561;0.3;0.7;18;0;2329
2026-09-11T17:28:51.439976252;0.3;0.7;18;0;2329
2026-09-11T17:28:52.509180818;0.3;0.7;18;0;2329
2026-09-11T17:28:53.587521326;0.3;0.7;18;0;2329
2026-09-11T17:28:54.667516189;0.3;0.7;18;0;2329
2026-09-11T17:28:55.741695788;0.3;0.7;18;0;2329
2026-09-11T17:28:56.820783655;0.3;0.7;18;0;2329
2026-09-11T17:28:57.915662226;0.3;0.7;18;0;2329
2026-09-11T17:28:58.991780625;0.3;0.7;18;0;2329
2026-09-11T17:29:00.76338082;0.3;0.7;18;0;2329
2026-09-11T17:29:01.152517504;0.3;0.7;18;0;2329
2026-09-11T17:29:02.293986925;0.3;0.7;18;0;2329
2026-09-11T17:29:03.384875413;0.3;0.7;18;0;2329
2026-09-11T17:29:04.515386045;0.3;0.7;18;0;2329
2026-09-11T17:29:05.613563979;0.3;0.7;18;0;2329
2026-09-11T17:29:06.733566966;0.3;0.7;18;0;2329
2026-09-11T17:29:07.857246024;0.3;0.7;18;0;2329
2026-09-11T17:29:08.945565549;0.3;0.7;18;0;2329
2026-09-11T17:29:10.97956028;0.3;0.7;18;48;2329
2026-09-11T17:29:11.249415409;0.4;0.7;18;41;2329
2026-09-11T17:29:12.384029116;0.4;0.7;18;40;2329
2026-09-11T17:29:13.544406230;0.4;0.7;18;29;2329
2026-09-11T17:29:14.699700219;0.4;0.7;18;43;2329
2026-09-11T17:29:15.872895708;0.4;0.7;18;35;2329
2026-09-11T17:29:17.40696802;0.4;0.7;18;40;2329
2026-09-11T17:29:18.212324989;0.4;0.7;18;35;2329
2026-09-11T17:29:19.351406867;0.4;0.7;18;49;2329
2026-09-11T17:29:20.469856141;0.4;0.7;18;48;2329
2026-09-11T17:29:21.630197286;0.4;0.7;18;46;2329
2026-09-11T17:29:22.751476550;0.4;0.7;18;44;2329
2026-09-11T17:29:23.857980073;0.4;0.7;18;47;2329
2026-09-11T17:29:24.969592871;0.4;0.7;18;41;2329
2026-09-11T17:29:26.127465341;0.4;0.7;18;47;2329
2026-09-11T17:29:27.242941362;0.4;0.7;18;47;2329
2026-09-11T17:29:28.363526388;0.4;0.7;18;31;2329
2026-09-11T17:29:29.521086325;0.4;0.7;18;35;2329
2026-09-11T17:29:30.702531188;0.4;0.7;18;27;2329
2026-09-11T17:29:31.877932466;0.4;0.7;18;32;2329
2026-09-11T17:29:33.56328173;0.4;0.7;18;38;2329
2026-09-11T17:29:34.199100552;0.4;0.7;18;12;2329
2026-09-11T17:29:35.274654708;0.4;0.7;18;0;2329
2026-09-11T17:29:36.356730344;0.4;0.7;18;0;2329
2026-09-11T17:29:37.526169670;0.4;0.7;18;0;2329
2026-09-11T17:29:38.610125876;0.4;0.7;18;0;2329
2026-09-11T17:29:39.685501373;0.4;0.7;18;0;2329
2026-09-11T17:29:40.770473687;0.4;0.7;18;0;2329
2026-09-11T17:29:41.837560485;0.4;0.7;18;0;2329
2026-09-11T17:29:42.910758198;0.4;0.7;18;0;2329
2026-09-11T17:29:43.984280936;0.4;0.7;18;0;2329
2026-09-11T17:29:45.69331182;0.4;0.7;18;0;2329
2026-09-11T17:29:46.139417779;0.4;0.7;18;0;2329
2026-09-11T17:29:47.208604145;0.4;0.7;18;0;2329
2026-09-11T17:29:48.322218355;0.4;0.7;18;89;2329
2026-09-11T17:29:49.431482765;0.4;0.7;18;95;2329
2026-09-11T17:29:50.550888351;0.4;0.7;18;87;2329
2026-09-11T17:29:51.699827368;0.4;0.7;18;37;2329
2026-09-11T17:29:52.815577748;0.4;0.7;18;40;2329
2026-09-11T17:29:53.922576715;0.4;0.7;18;50;2329
2026-09-11T17:29:55.42680160;0.4;0.7;18;47;2329
2026-09-11T17:29:56.136347255;0.4;0.7;18;48;2329
2026-09-11T17:29:57.242664344;0.4;0.7;18;47;2329
2026-09-11T17:29:58.351601816;0.4;0.7;18;48;2329
2026-09-11T17:29:59.457620882;0.4;0.7;18;47;2329
2026-09-11T17:30:00.565528584;0.4;0.7;18;47;2329
2026-09-11T17:30:01.668752090;0.4;0.7;18;50;2329
2026-09-11T17:30:02.845799402;0.4;0.7;18;42;2329
2026-09-11T17:30:03.977635419;0.4;0.7;18;47;2329
2026-09-11T17:30:05.91030854;0.4;0.7;18;40;2329
2026-09-11T17:30:06.197204159;0.4;0.7;18;43;2329
2026-09-11T17:30:07.303106608;0.4;0.7;18;47;2329
2026-09-11T17:30:08.396024278;0.4;0.7;18;46;2329
2026-09-11T17:30:09.499699304;0.4;0.7;18;47;2329
2026-09-11T17:30:10.601269807;0.4;0.7;18;47;2329
2026-09-11T17:30:11.712800043;0.4;0.7;18;47;2329
2026-09-11T17:30:12.827746321;0.4;0.7;18;34;2329
2026-09-11T17:30:13.988916905;0.4;0.7;18;41;2329
2026-09-11T17:30:15.183579256;0.4;0.7;18;47;2329
2026-09-11T17:30:16.305650265;0.4;0.7;18;43;2329
2026-09-11T17:30:17.418231854;0.4;0.7;18;42;2329
2026-09-11T17:30:18.544688582;0.4;0.7;18;41;2329
2026-09-11T17:30:19.653972635;0.4;0.7;18;48;2329
2026-09-11T17:30:20.757029180;0.4;0.7;18;47;2329
2026-09-11T17:30:21.919359584;0.4;0.7;18;45;2329
2026-09-11T17:30:23.33978832;0.4;0.7;18;41;2329
2026-09-11T17:30:24.156000117;0.4;0.7;18;44;2329
2026-09-11T17:30:25.285102569;0.4;0.7;18;47;2329
2026-09-11T17:30:26.403447420;0.4;0.7;18;46;2329
2026-09-11T17:30:27.516127611;0.4;0.7;18;41;2329
2026-09-11T17:30:28.624252776;0.4;0.7;18;51;2329
2026-09-11T17:30:29.729855769;0.4;0.7;18;43;2329
2026-09-11T17:30:30.835617136;0.4;0.7;18;29;2329
2026-09-11T17:30:31.947905422;0.4;0.7;18;41;2329
2026-09-11T17:30:33.61776633;0.4;0.7;18;35;2329
2026-09-11T17:30:34.191171764;0.4;0.7;18;41;2329
2026-09-11T17:30:35.317109267;0.4;0.7;18;35;2329
2026-09-11T17:30:36.453333357;0.4;0.7;18;41;2329
2026-09-11T17:30:37.583828731;0.4;0.7;18;36;2329
2026-09-11T17:30:38.715660829;0.4;0.7;18;40;2329
2026-09-11T17:30:39.829103649;0.4;0.7;18;34;2329
2026-09-11T17:30:40.968208754;0.4;0.7;18;41;2329
2026-09-11T17:30:42.90076402;0.4;0.7;18;34;2329
2026-09-11T17:30:43.241482947;0.4;0.7;18;41;2329
2026-09-11T17:30:44.378730312;0.4;0.7;18;37;2329
2026-09-11T17:30:45.521392813;0.4;0.7;18;34;2329
2026-09-11T17:30:46.696695214;0.4;0.7;18;38;2329
2026-09-11T17:30:48.176195782;0.4;0.7;18;36;2329
2026-09-11T17:30:49.297797347;0.4;0.7;18;34;2329
2026-09-11T17:30:50.444998477;0.4;0.7;18;42;2329
2026-09-11T17:30:51.585607640;0.4;0.7;18;38;2329
2026-09-11T17:30:52.722504239;0.4;0.7;18;25;2329
2026-09-11T17:30:53.922387566;0.4;0.7;18;38;2329
2026-09-11T17:30:55.59984643;0.4;0.7;18;32;2329
2026-09-11T17:30:56.200060479;0.4;0.7;18;41;2329
2026-09-11T17:30:57.332188147;0.4;0.7;18;35;2329
2026-09-11T17:30:58.474369052;0.4;0.7;18;41;2329
2026-09-11T17:30:59.607452224;0.4;0.7;18;34;2329
2026-09-11T17:31:00.805864803;0.4;0.7;18;34;2329
2026-09-11T17:31:01.943451357;0.4;0.7;18;45;2329
2026-09-11T17:31:03.68313994;0.4;0.7;18;32;2329
2026-09-11T17:31:04.222419903;0.4;0.7;18;38;2329
2026-09-11T17:31:05.367750667;0.4;0.7;18;44;2329
2026-09-11T17:31:06.515733135;0.4;0.7;18;19;2329
2026-09-11T17:31:07.693166983;0.4;0.7;18;34;2329
2026-09-11T17:31:08.848274619;0.4;0.7;18;13;2329
2026-09-11T17:31:10.9569242;0.4;0.7;18;41;2329
2026-09-11T17:31:11.147326943;0.4;0.7;18;26;2329
2026-09-11T17:31:12.339568299;0.4;0.7;18;0;2329
2026-09-11T17:31:13.444961971;0.4;0.7;18;0;2329
2026-09-11T17:31:14.569238302;0.4;0.7;18;0;2329
2026-09-11T17:31:15.708920251;0.4;0.7;18;0;2329
2026-09-11T17:31:17.605894960;0.4;0.6;18;0;2329
2026-09-11T17:31:18.874938060;0.4;0.6;18;62;2329
2026-09-11T17:31:21.15492749;0.4;0.6;18;39;2329
2026-09-11T17:31:22.557199560;0.4;0.6;18;27;2329
2026-09-11T17:31:23.765001750;0.4;0.6;18;0;2329
2026-09-11T17:31:25.110920338;0.4;0.6;18;0;2329
2026-09-11T17:31:26.222339819;0.4;0.6;18;0;2329
2026-09-11T17:31:27.397407042;0.4;0.6;18;0;2329
2026-09-11T17:31:28.482684764;0.4;0.6;18;0;2329
2026-09-11T17:31:29.604860776;0.4;0.6;18;0;2329
2026-09-11T17:31:30.676405796;0.4;0.6;18;0;2329
2026-09-11T17:31:31.751037058;0.4;0.6;18;0;2329
2026-09-11T17:31:32.833829382;0.4;0.6;18;0;2329
2026-09-11T17:31:34.173798519;0.4;0.6;18;0;2329
2026-09-11T17:31:35.539658708;0.4;0.6;18;0;2329
2026-09-11T17:31:36.758616251;0.4;0.6;18;0;2329
2026-09-11T17:31:38.6608921;0.4;0.6;18;0;2329
2026-09-11T17:31:39.177687872;0.4;0.6;18;0;2329
2026-09-11T17:31:40.252755787;0.4;0.6;18;0;2329
2026-09-11T17:31:41.321092903;0.4;0.6;18;0;2329
2026-09-11T17:31:42.390089147;0.4;0.6;18;0;2329
2026-09-11T17:31:43.458138881;0.4;0.6;18;0;2329
2026-09-11T17:31:44.705298682;0.4;0.6;18;0;2329
2026-09-11T17:31:45.876190495;0.4;0.6;18;0;2329
2026-09-11T17:31:46.951427884;0.4;0.6;18;0;2329
2026-09-11T17:31:48.24994953;0.4;0.6;18;0;2329
2026-09-11T17:31:49.98183999;0.4;0.6;18;0;2329
2026-09-11T17:31:50.168786929;0.4;0.6;18;0;2329
2026-09-11T17:31:51.306313804;0.4;0.6;18;0;2329
2026-09-11T17:31:52.375395887;0.4;0.6;18;0;2329
2026-09-11T17:31:53.444348500;0.4;0.6;18;0;2329
2026-09-11T17:31:54.524972302;0.4;0.6;18;0;2329
2026-09-11T17:31:55.606450595;0.4;0.6;18;0;2329
2026-09-11T17:31:56.685152989;0.4;0.6;18;0;2329
2026-09-11T17:31:57.827031383;0.4;0.6;18;0;2329
2026-09-11T17:31:58.911705150;0.4;0.6;18;0;2329
2026-09-11T17:31:59.999347400;0.4;0.6;18;0;2329
2026-09-11T17:32:01.88243040;0.4;0.6;18;0;2329
2026-09-11T17:32:02.165973433;0.4;0.6;18;0;2329
2026-09-11T17:32:03.263526855;0.4;0.6;18;0;2329
2026-09-11T17:32:04.348762966;0.4;0.6;18;0;2329
2026-09-11T17:32:05.435304773;0.4;0.6;18;0;2329
2026-09-11T17:32:06.511919629;0.4;0.6;18;0;2329
2026-09-11T17:32:07.593492816;0.4;0.6;18;0;2329
2026-09-11T17:32:08.714708923;0.4;0.6;18;0;2329
2026-09-11T17:32:09.780203986;0.4;0.6;18;0;2329
2026-09-11T17:32:10.986784159;0.4;0.6;18;0;2329
2026-09-11T17:32:12.348895050;0.4;0.6;18;0;2329
2026-09-11T17:32:14.206135119;0.4;0.6;18;0;2329
2026-09-11T17:32:15.881338766;0.4;0.6;18;74;2329
2026-09-11T17:32:17.564788943;0.4;0.6;18;85;2329
2026-09-11T17:32:18.948747306;0.4;0.6;18;33;2329
2026-09-11T17:32:20.566030977;0.4;0.6;18;29;2329
2026-09-11T17:32:22.99468868;0.4;0.6;18;38;2329
2026-09-11T17:32:23.226855281;0.4;0.6;18;40;2329
2026-09-11T17:32:24.386234018;0.4;0.6;18;34;2329
2026-09-11T17:32:25.528814323;0.4;0.6;18;40;2329
2026-09-11T17:32:26.738021783;0.4;0.6;18;34;2329
2026-09-11T17:32:27.872106027;0.4;0.6;18;41;2329
2026-09-11T17:32:29.78564373;0.4;0.6;18;33;2329
2026-09-11T17:32:30.600905320;0.4;0.6;18;40;2329
2026-09-11T17:32:31.778065654;0.4;0.6;18;41;2329
2026-09-11T17:32:32.914909548;0.4;0.6;18;38;2329
2026-09-11T17:32:34.77686299;0.4;0.6;18;39;2329
2026-09-11T17:32:35.360972171;0.4;0.6;18;0;2329
2026-09-11T17:32:36.532584314;0.4;0.6;18;0;2329
2026-09-11T17:32:37.638576774;0.4;0.6;18;0;2329
2026-09-11T17:32:38.717630371;0.4;0.6;18;0;2329
2026-09-11T17:32:41.200619465;0.4;0.6;18;0;2329
2026-09-11T17:32:42.353885598;0.4;0.6;18;0;2329
2026-09-11T17:32:43.575616384;0.4;0.6;18;0;2329
2026-09-11T17:32:44.727788736;0.4;0.6;18;0;2329
2026-09-11T17:32:45.821942130;0.4;0.6;18;0;2329
2026-09-11T17:32:46.931847074;0.4;0.6;18;0;2329
2026-09-11T17:32:48.6715556;0.4;0.6;18;0;2329
2026-09-11T17:32:49.106744117;0.4;0.6;18;0;2329
2026-09-11T17:32:50.232959074;0.4;0.6;18;0;2329
2026-09-11T17:32:51.299339471;0.4;0.6;18;0;2329
2026-09-11T17:32:52.394246346;0.4;0.6;18;0;2329
2026-09-11T17:32:53.963477701;0.4;0.6;18;0;2329
2026-09-11T17:32:55.590745289;0.4;0.6;18;0;2329
2026-09-11T17:32:57.249045780;0.4;0.6;18;0;2329
2026-09-11T17:32:58.607044617;0.4;0.6;18;0;2329
2026-09-11T17:33:00.274676381;0.4;0.6;18;0;2329
2026-09-11T17:33:01.382985358;0.4;0.6;18;0;2329
2026-09-11T17:33:02.695758370;0.4;0.6;18;0;2329
2026-09-11T17:33:03.897707298;0.4;0.6;18;0;2329
2026-09-11T17:33:05.157311222;0.4;0.6;18;0;2329
2026-09-11T17:33:06.432501965;0.4;0.6;18;0;2329
2026-09-11T17:33:07.571409167;0.4;0.6;18;0;2329
2026-09-11T17:33:08.995572052;0.4;0.6;18;0;2329
2026-09-11T17:33:12.695170119;0.4;0.6;18;0;2329
2026-09-11T17:33:16.487979297;0.4;0.6;18;82;2329
2026-09-11T17:33:18.442733130;0.4;0.6;18;73;2329
2026-09-11T17:33:19.705101597;0.4;0.6;18;38;2329
2026-09-11T17:33:21.11149959;0.4;0.6;18;36;2329
2026-09-11T17:33:22.270882411;0.4;0.6;18;40;2329
2026-09-11T17:33:23.417342367;0.4;0.6;18;25;2329
2026-09-11T17:33:24.932301034;0.4;0.6;18;43;2329
2026-09-11T17:33:26.190812600;0.4;0.6;18;38;2329
2026-09-11T17:33:27.629646820;0.4;0.6;18;34;2329
2026-09-11T17:33:28.821118500;0.4;0.6;18;41;2329
2026-09-11T17:33:30.330869748;0.4;0.6;18;45;2329
2026-09-11T17:33:31.451940527;0.4;0.6;18;34;2329
2026-09-11T17:33:32.619552659;0.4;0.6;18;34;2329
2026-09-11T17:33:33.772638571;0.4;0.6;18;0;2329
2026-09-11T17:33:34.886712003;0.4;0.6;18;0;2329
2026-09-11T17:33:36.45005151;0.4;0.6;18;0;2329
2026-09-11T17:33:37.308497901;0.4;0.6;18;0;2329
2026-09-11T17:33:38.385354380;0.4;0.6;18;0;2329
2026-09-11T17:33:39.470768315;0.4;0.6;18;0;2329
2026-09-11T17:33:40.544125772;0.4;0.6;18;0;2329
2026-09-11T17:33:41.637113363;0.4;0.6;18;0;2329
2026-09-11T17:33:42.705958674;0.4;0.6;18;0;2329
2026-09-11T17:33:43.775150794;0.4;0.6;18;0;2329
2026-09-11T17:33:44.853832843;0.4;0.6;18;0;2329
2026-09-11T17:33:45.938029643;0.4;0.6;18;0;2329
2026-09-11T17:33:47.27686344;0.4;0.6;18;0;2329
2026-09-11T17:33:48.122207655;0.4;0.6;18;0;2329
2026-09-11T17:33:49.282751558;0.4;0.6;18;0;2329
2026-09-11T17:33:50.363152323;0.4;0.6;18;0;2329
2026-09-11T17:33:51.454099201;0.4;0.6;18;0;2329
2026-09-11T17:33:52.588074500;0.4;0.6;18;0;2329
2026-09-11T17:33:53.666667978;0.4;0.6;18;0;2329
2026-09-11T17:33:54.759605074;0.4;0.6;18;0;2329
2026-09-11T17:33:55.883237259;0.4;0.6;18;0;2329
2026-09-11T17:33:57.180837328;0.4;0.6;18;0;2329
2026-09-11T17:33:58.483761863;0.4;0.6;18;0;2329
2026-09-11T17:33:59.829645993;0.4;0.6;18;0;2329
2026-09-11T17:34:01.446835047;0.4;0.6;18;0;2329
2026-09-11T17:34:02.607600541;0.4;0.5;18;37;2329
2026-09-11T17:34:04.106997706;0.4;0.5;18;0;2329
2026-09-11T17:34:05.534194034;0.4;0.5;18;17;2329
2026-09-11T17:34:06.939299169;0.4;0.5;18;4;2329
2026-09-11T17:34:08.434114262;0.4;0.5;18;74;2329
2026-09-11T17:34:09.555910562;0.4;0.5;18;36;2329
2026-09-11T17:34:11.68200046;0.4;0.5;18;0;2329
2026-09-11T17:34:15.979980892;0.5;0.5;18;0;2329
2026-09-11T17:34:20.98785306;0.5;0.5;18;0;2329
2026-09-11T17:34:23.707419926;0.5;0.5;18;0;2329
2026-09-11T17:34:25.808495490;0.5;0.5;18;0;2329
2026-09-11T17:34:28.267792352;0.5;0.5;18;32;2329
2026-09-11T17:34:29.694748307;0.5;0.5;18;0;2329
2026-09-11T17:34:31.106764250;0.5;0.4;18;0;2329
2026-09-11T17:34:32.432355842;0.5;0.4;18;49;2329
2026-09-11T17:34:33.575791286;0.5;0.4;18;24;2329
2026-09-11T17:34:34.809949794;0.5;0.5;18;35;2329
2026-09-11T17:34:36.30808546;0.5;0.5;18;40;2329
2026-09-11T17:34:37.196456623;0.5;0.5;18;40;2329
2026-09-11T17:34:38.390206146;0.5;0.5;18;39;2329
2026-09-11T17:34:39.639300422;0.5;0.4;18;28;2329
2026-09-11T17:34:41.914862552;0.5;0.4;18;36;2329
2026-09-11T17:34:43.218660057;0.5;0.4;18;40;2329
2026-09-11T17:34:44.484326435;0.5;0.4;18;36;2329
2026-09-11T17:34:45.658959454;0.5;0.4;18;27;2329
2026-09-11T17:34:46.864360333;0.5;0.4;18;37;2329
2026-09-11T17:34:48.47916515;0.5;0.4;18;30;2329
2026-09-11T17:34:49.212654168;0.5;0.4;18;30;2329
2026-09-11T17:34:50.456088683;0.5;0.4;18;42;2329
2026-09-11T17:34:51.764009190;0.5;0.4;18;36;2329
2026-09-11T17:34:52.945534327;0.5;0.4;18;42;2329
2026-09-11T17:34:54.124023040;0.5;0.4;18;41;2329
2026-09-11T17:34:55.344103963;0.5;0.4;18;30;2329
2026-09-11T17:34:56.605472655;0.5;0.5;18;0;2329
2026-09-11T17:34:57.808502454;0.5;0.5;18;0;2329
2026-09-11T17:34:58.879405218;0.5;0.5;18;0;2329
2026-09-11T17:34:59.972716063;0.5;0.5;18;0;2329
2026-09-11T17:35:01.48756353;0.5;0.5;18;0;2329
2026-09-11T17:35:02.128341630;0.5;0.5;18;0;2329
2026-09-11T17:35:03.208865897;0.5;0.5;18;0;2329
2026-09-11T17:35:04.279216846;0.5;0.5;18;0;2329
2026-09-11T17:35:05.347041405;0.5;0.5;18;0;2329
2026-09-11T17:35:06.424156579;0.5;0.5;18;0;2329
2026-09-11T17:35:07.509554827;0.5;0.5;18;0;2329
2026-09-11T17:35:08.579473524;0.5;0.5;18;0;2329
2026-09-11T17:35:09.667755395;0.5;0.5;18;0;2329
2026-09-11T17:35:10.807781622;0.5;0.5;18;0;2329
2026-09-11T17:35:11.921270588;0.5;0.5;18;0;2329
2026-09-11T17:35:12.996713870;0.5;0.5;18;0;2329
2026-09-11T17:35:14.76225657;0.5;0.5;18;0;2329
2026-09-11T17:35:15.158956721;0.5;0.5;18;0;2329
2026-09-11T17:35:16.246662959;0.5;0.5;18;0;2329
2026-09-11T17:35:17.333325328;0.5;0.5;18;0;2329
2026-09-11T17:35:18.409857488;0.5;0.5;18;0;2329
2026-09-11T17:35:19.493784721;0.5;0.5;18;0;2329
2026-09-11T17:35:20.576697536;0.5;0.5;18;0;2329
2026-09-11T17:35:21.656133186;0.5;0.4;18;0;2329
2026-09-11T17:35:22.730927507;0.5;0.4;18;0;2329
2026-09-11T17:35:23.819528512;0.5;0.4;18;0;2329
2026-09-11T17:35:24.941905197;0.5;0.4;18;0;2329
2026-09-11T17:35:26.33296985;0.5;0.4;18;0;2329
2026-09-11T17:35:27.110358028;0.5;0.4;18;0;2329
2026-09-11T17:35:28.188561268;0.5;0.4;18;0;2329
2026-09-11T17:35:29.278402707;0.5;0.4;18;0;2329
2026-09-11T17:35:30.355043411;0.5;0.4;18;0;2329
2026-09-11T17:35:31.429216482;0.5;0.4;18;0;2329
2026-09-11T17:35:32.507786880;0.5;0.4;18;0;2329
2026-09-11T17:35:33.610057434;0.5;0.4;18;0;2329
2026-09-11T17:35:34.702729882;0.5;0.4;18;0;2329
2026-09-11T17:35:35.863923055;0.5;0.4;18;0;2329
2026-09-11T17:35:37.13387314;0.5;0.4;18;0;2329
2026-09-11T17:35:38.172606255;0.5;0.6;18;0;2329
2026-09-11T17:35:39.285079153;0.5;0.6;18;5;2329
2026-09-11T17:35:40.374924608;0.5;0.6;18;8;2329
2026-09-11T17:35:41.461627692;0.5;0.6;18;9;2329
2026-09-11T17:35:42.571005298;0.5;0.6;18;0;2329
2026-09-11T17:35:43.715093259;0.5;0.6;18;14;2329
2026-09-11T17:35:44.878849800;0.5;0.6;18;35;2329
2026-09-11T17:35:46.39950488;0.5;0.6;18;39;2329
2026-09-11T17:35:47.171936543;0.5;0.6;18;34;2329
2026-09-11T17:35:48.302273567;0.5;0.6;18;36;2329
2026-09-11T17:35:49.477307893;0.5;0.6;18;41;2329
2026-09-11T17:35:50.621607877;0.5;0.6;18;24;2329
2026-09-11T17:35:51.858231035;0.5;0.6;18;27;2329
2026-09-11T17:35:53.62800034;0.5;0.6;18;37;2329
2026-09-11T17:35:54.265628356;0.5;0.6;18;41;2329
2026-09-11T17:35:55.473589350;0.5;0.6;18;30;2329
2026-09-11T17:35:56.692993829;0.5;0.6;18;32;2329
2026-09-11T17:35:57.922393148;0.5;0.6;18;41;2329
2026-09-11T17:35:59.117555620;0.5;0.6;18;41;2329
2026-09-11T17:36:00.234155275;0.5;0.6;18;41;2329
2026-09-11T17:36:01.368926297;0.5;0.6;18;45;2329
2026-09-11T17:36:02.505006007;0.5;0.6;18;40;2329
2026-09-11T17:36:03.659079465;0.5;0.6;18;27;2329
2026-09-11T17:36:04.944287349;0.5;0.6;18;37;2329
2026-09-11T17:36:06.86838757;0.5;0.6;18;41;2329
2026-09-11T17:36:07.219697635;0.5;0.6;18;46;2329
2026-09-11T17:36:08.326892982;0.5;0.6;18;41;2329
2026-09-11T17:36:09.445285699;0.5;0.6;18;40;2329
2026-09-11T17:36:10.574268854;0.5;0.6;18;46;2329
2026-09-11T17:36:11.717809617;0.5;0.6;18;39;2329
2026-09-11T17:36:12.987893693;0.5;0.5;18;46;2329
2026-09-11T17:36:14.108079176;0.5;0.5;18;41;2329
2026-09-11T17:36:15.333090034;0.5;0.5;18;39;2329
2026-09-11T17:36:16.465447431;0.5;0.5;18;43;2329
2026-09-11T17:36:17.607437943;0.5;0.5;18;37;2329
2026-09-11T17:36:18.737179927;0.5;0.5;18;32;2329
2026-09-11T17:36:19.949118946;0.5;0.5;18;41;2329
2026-09-11T17:36:21.71279314;0.5;0.5;18;41;2329
2026-09-11T17:36:22.218400977;0.5;0.5;18;46;2329
2026-09-11T17:36:23.360592336;0.5;0.5;18;41;2329
2026-09-11T17:36:24.503724896;0.5;0.5;18;45;2329
2026-09-11T17:36:25.653512335;0.5;0.5;18;36;2329
2026-09-11T17:36:26.780324742;0.5;0.5;18;37;2329
2026-09-11T17:36:27.908624510;0.5;0.5;18;41;2329
2026-09-11T17:36:29.40049260;0.5;0.5;18;31;2329
2026-09-11T17:36:30.197038280;0.5;0.5;18;41;2329
2026-09-11T17:36:31.352590537;0.5;0.5;18;41;2329
2026-09-11T17:36:32.497167617;0.5;0.5;18;41;2329
2026-09-11T17:36:33.642859875;0.5;0.6;18;35;2329
2026-09-11T17:36:34.777054676;0.6;0.6;18;41;2329
2026-09-11T17:36:35.906058437;0.6;0.6;18;34;2329
2026-09-11T17:36:37.48741923;0.6;0.6;18;41;2329
2026-09-11T17:36:38.167548500;0.6;0.6;18;41;2329
2026-09-11T17:36:39.285451004;0.6;0.6;18;40;2329
2026-09-11T17:36:40.407041840;0.6;0.6;18;34;2329
2026-09-11T17:36:41.539617337;0.6;0.6;18;37;2329
2026-09-11T17:36:42.687665066;0.6;0.6;18;37;2329
2026-09-11T17:36:43.823244971;0.6;0.6;18;41;2329
2026-09-11T17:36:44.948313303;0.6;0.6;18;34;2329
2026-09-11T17:36:46.94687951;0.6;0.6;18;43;2329
2026-09-11T17:36:47.232406391;0.6;0.6;18;40;2329
2026-09-11T17:36:48.361610938;0.6;0.6;18;40;2329
2026-09-11T17:36:49.500807313;0.6;0.6;18;43;2329
2026-09-11T17:36:50.704599570;0.6;0.6;18;37;2329
2026-09-11T17:36:51.886678827;0.6;0.6;18;41;2329
2026-09-11T17:36:53.123236733;0.6;0.6;18;36;2329
2026-09-11T17:36:54.262949433;0.6;0.6;18;37;2329
2026-09-11T17:36:55.424288984;0.6;0.6;18;34;2329
2026-09-11T17:36:56.567754906;0.6;0.6;18;27;2329
2026-09-11T17:36:57.719396438;0.6;0.6;18;34;2329
2026-09-11T17:36:58.856954570;0.6;0.6;18;32;2329
2026-09-11T17:37:00.55538275;0.6;0.6;18;34;2329
2026-09-11T17:37:01.200336017;0.6;0.6;18;41;2329
2026-09-11T17:37:02.349867201;0.6;0.6;18;47;2329
2026-09-11T17:37:03.478605689;0.6;0.6;18;41;2329
2026-09-11T17:37:04.646403763;0.6;0.6;18;38;2329
2026-09-11T17:37:05.793870354;0.6;0.6;18;44;2329
2026-09-11T17:37:06.920293885;0.6;0.6;18;44;2329
2026-09-11T17:37:08.50453428;0.6;0.6;18;43;2329
2026-09-11T17:37:09.189671111;0.6;0.6;18;38;2329
2026-09-11T17:37:10.342968390;0.6;0.6;18;44;2329
2026-09-11T17:37:11.466989543;0.6;0.6;18;38;2329
2026-09-11T17:37:12.618383468;0.6;0.6;18;38;2329
2026-09-11T17:37:13.782637482;0.6;0.6;18;41;2329
2026-09-11T17:37:14.911611746;0.6;0.6;18;38;2329
2026-09-11T17:37:16.55461351;0.6;0.6;18;45;2329
2026-09-11T17:37:17.179036961;0.6;0.6;18;42;2329
2026-09-11T17:37:18.340244206;0.6;0.6;18;45;2329
2026-09-11T17:37:19.473669798;0.6;0.6;18;39;2329
2026-09-11T17:37:20.622603204;0.6;0.6;18;38;2329
2026-09-11T17:37:21.791450900;0.6;0.6;18;43;2329
2026-09-11T17:37:22.924886133;0.6;0.6;18;36;2329
2026-09-11T17:37:24.57632531;0.6;0.6;18;44;2329
2026-09-11T17:37:25.185324325;0.6;0.6;18;39;2329
2026-09-11T17:37:26.329938802;0.6;0.6;18;37;2329
2026-09-11T17:37:27.474235302;0.6;0.6;18;42;2329
2026-09-11T17:37:28.632922128;0.6;0.6;18;38;2329
2026-09-11T17:37:29.819981044;0.6;0.6;18;44;2329
2026-09-11T17:37:30.967602790;0.6;0.6;18;37;2329
2026-09-11T17:37:32.119457598;0.6;0.6;18;44;2329
2026-09-11T17:37:33.270641986;0.6;0.6;18;40;2329
2026-09-11T17:37:34.387467038;0.6;0.6;18;36;2329
2026-09-11T17:37:35.532146680;0.6;0.6;18;46;2329
2026-09-11T17:37:36.689926948;0.6;0.6;18;37;2329
2026-09-11T17:37:37.833072745;0.6;0.6;18;33;2329
2026-09-11T17:37:38.978907130;0.6;0.6;18;34;2329
2026-09-11T17:37:40.121180374;0.6;0.6;18;39;2329
2026-09-11T17:37:41.257858891;0.6;0.6;18;43;2329
2026-09-11T17:37:42.390504409;0.6;0.6;18;36;2329
2026-09-11T17:37:43.529430741;0.6;0.6;18;40;2329
2026-09-11T17:37:44.665877183;0.6;0.6;18;36;2329
2026-09-11T17:37:45.802596187;0.6;0.6;18;37;2329
2026-09-11T17:37:46.952383597;0.6;0.6;18;41;2329
2026-09-11T17:37:48.74602359;0.6;0.6;18;40;2329
2026-09-11T17:37:49.219550604;0.6;0.6;18;40;2329
2026-09-11T17:37:50.356893858;0.6;0.6;18;34;2329
2026-09-11T17:37:51.493108743;0.6;0.6;18;41;2329
2026-09-11T17:37:52.638621599;0.6;0.6;18;40;2329
2026-09-11T17:37:53.767577160;0.6;0.6;18;40;2329
2026-09-11T17:37:54.886804149;0.6;0.6;18;34;2329
2026-09-11T17:37:56.42982856;0.6;0.6;18;42;2329
2026-09-11T17:37:57.171077833;0.6;0.6;18;40;2329
2026-09-11T17:37:58.300187788;0.6;0.6;18;41;2329
2026-09-11T17:37:59.428484418;0.6;0.6;18;35;2329
2026-09-11T17:38:00.568988458;0.6;0.6;18;27;2329
2026-09-11T17:38:01.714459632;0.6;0.6;18;35;2329
2026-09-11T17:38:02.842477818;0.6;0.6;18;34;2329
2026-09-11T17:38:03.984971630;0.6;0.6;18;38;2329
2026-09-11T17:38:05.109400816;0.6;0.6;18;34;2329
2026-09-11T17:38:06.242246465;0.6;0.6;18;41;2329
2026-09-11T17:38:07.374974696;0.6;0.6;18;43;2329
2026-09-11T17:38:08.493023891;0.6;0.6;18;44;2329
2026-09-11T17:38:09.624243416;0.6;0.6;18;39;2329
2026-09-11T17:38:10.770777157;0.6;0.6;18;43;2329
2026-09-11T17:38:11.897040458;0.6;0.6;18;41;2329
2026-09-11T17:38:13.20885351;0.6;0.6;18;0;2329
2026-09-11T17:38:14.114308840;0.6;0.6;18;0;2329
2026-09-11T17:38:15.182350531;0.6;0.6;18;0;2329
2026-09-11T17:38:16.252735389;0.6;0.6;18;0;2329
2026-09-11T17:38:17.320858447;0.6;0.6;18;0;2329
2026-09-11T17:38:18.390525401;0.6;0.6;18;0;2329
2026-09-11T17:38:19.465442174;0.6;0.6;18;0;2329
2026-09-11T17:38:20.542724779;0.6;0.6;18;0;2329
2026-09-11T17:38:21.624873190;0.6;0.6;18;0;2329
2026-09-11T17:38:22.708424873;0.6;0.6;18;0;2329
2026-09-11T17:38:23.783273858;0.6;0.6;18;0;2329
2026-09-11T17:38:24.857561662;0.6;0.6;18;0;2329
2026-09-11T17:38:25.946023977;0.6;0.6;18;0;2329
2026-09-11T17:38:27.62878379;0.6;0.6;18;0;2329
2026-09-11T17:38:28.167060761;0.6;0.6;18;0;2329
2026-09-11T17:38:29.243619570;0.6;0.6;18;0;2329
2026-09-11T17:38:30.353469993;0.6;0.6;18;0;2329
2026-09-11T17:38:31.430047891;0.6;0.6;18;0;2329
2026-09-11T17:38:32.529340089;0.6;0.6;18;0;2329
2026-09-11T17:38:33.639210895;0.6;0.6;18;0;2329
2026-09-11T17:38:34.725497395;0.6;0.6;18;0;2329
2026-09-11T17:38:35.806519933;0.6;0.6;18;0;2329
2026-09-11T17:38:36.994080287;0.6;0.6;18;0;2329
2026-09-11T17:38:38.72932070;0.6;0.6;18;0;2329
2026-09-11T17:38:39.162787700;0.6;0.6;18;0;2329
2026-09-11T17:38:40.294697582;0.6;0.6;18;0;2329
2026-09-11T17:38:41.444318869;0.6;0.6;18;43;2329
2026-09-11T17:38:42.547029187;0.6;0.6;18;68;2329
2026-09-11T17:38:43.770243376;0.6;0.5;18;37;2329
2026-09-11T17:38:44.990419415;0.6;0.5;18;0;2329
2026-09-11T17:38:46.397882009;0.6;0.4;18;0;2329
2026-09-11T17:38:48.389242437;0.6;0.3;18;0;2329
2026-09-11T17:38:50.64861973;0.6;0.4;18;39;2329
2026-09-11T17:38:51.983523552;0.6;0.3;18;34;2329
2026-09-11T17:38:53.487112987;0.6;0.3;18;0;2329
2026-09-11T17:38:55.159770275;0.6;0.3;18;0;2329
2026-09-11T17:38:57.51088976;0.6;0.3;18;0;2329
2026-09-11T17:38:58.747773540;0.6;0.3;18;0;2329
2026-09-11T17:39:01.60203267;0.7;0.3;18;0;2329
2026-09-11T17:39:03.9353548;0.7;0.3;18;41;2329
2026-09-11T17:39:04.768437850;0.7;0.3;18;0;2329
2026-09-11T17:39:06.528558992;0.7;0.4;18;0;2329
2026-09-11T17:39:09.109340071;0.7;0.3;18;28;2329
2026-09-11T17:39:11.50255664;0.7;0.3;18;48;2329
2026-09-11T17:39:13.300778278;0.7;0.4;18;0;2329
2026-09-11T17:39:15.158103578;0.7;0.3;18;0;2329
2026-09-11T17:39:17.218492085;0.7;0.3;18;0;2329
2026-09-11T17:39:18.893241082;0.7;0.4;18;0;2329
2026-09-11T17:39:20.531526270;0.7;0.3;18;0;2329
2026-09-11T17:39:22.210139950;0.7;0.3;18;43;2329
2026-09-11T17:39:24.12636237;0.7;0.3;18;24;2329
2026-09-11T17:39:25.628285980;0.8;0.3;18;0;2329
2026-09-11T17:39:27.529060309;0.8;0.3;18;0;2329
2026-09-11T17:39:29.548296615;0.8;0.3;18;7;2329
2026-09-11T17:39:31.182202043;0.8;0.3;18;0;2329
2026-09-11T17:39:33.522080939;0.8;0.3;18;8;2329
2026-09-11T17:39:35.134109947;0.8;0.3;18;0;2329
2026-09-11T17:39:37.705323277;0.8;0.3;18;50;2329
2026-09-11T17:39:39.628024762;0.8;0.3;18;30;2329
2026-09-11T17:39:41.618328243;0.8;0.3;18;0;2329
2026-09-11T17:39:43.804039467;0.8;0.3;18;7;2329
2026-09-11T17:39:45.822708235;0.8;0.3;18;50;2329
2026-09-11T17:39:47.651904952;0.9;0.3;18;0;2329
2026-09-11T17:39:49.647197237;0.9;0.3;18;29;2329
2026-09-11T17:39:51.478402603;0.9;0.3;18;0;2329
2026-09-11T17:39:53.782697734;0.9;0.3;18;18;2329
2026-09-11T17:39:55.450418923;0.9;0.3;18;0;2329
2026-09-11T17:39:57.671174786;0.9;0.3;18;6;2329
2026-09-11T17:39:59.459592824;0.9;0.4;18;0;2329
2026-09-11T17:40:01.834700698;0.9;0.3;18;19;2329
2026-09-11T17:40:03.763202479;1.0;0.3;18;0;2329
2026-09-11T17:40:05.804616014;1.0;0.3;18;49;2329
2026-09-11T17:40:07.380294746;1.0;0.4;18;0;2329
2026-09-11T17:40:09.929167546;1.0;0.3;18;48;2329
2026-09-11T17:40:11.662230598;1.0;0.3;18;0;2329
2026-09-11T17:40:13.733657452;1.0;0.3;18;45;2329
2026-09-11T17:40:15.532400192;1.0;0.3;18;0;2329
2026-09-11T17:40:17.826557661;1.0;0.3;18;49;2329
2026-09-11T17:40:19.578758503;1.0;0.3;18;21;2329
2026-09-11T17:40:21.793919004;1.0;0.3;18;0;2329
2026-09-11T17:40:23.438523451;1.0;0.3;18;0;2329
2026-09-11T17:40:26.40855423;1.0;0.3;18;0;2329
2026-09-11T17:40:27.960775860;1.1;0.3;18;16;2329
2026-09-11T17:40:29.801727487;1.1;0.4;18;0;2329
2026-09-11T17:40:31.777122712;1.1;0.3;18;0;2329
2026-09-11T17:40:34.47833503;1.1;0.3;18;49;2329
2026-09-11T17:40:35.796201849;1.1;0.3;18;6;2329
2026-09-11T17:40:37.933617378;1.1;0.3;18;0;2329
2026-09-11T17:40:39.579850289;1.1;0.3;18;0;2329
2026-09-11T17:40:41.839056882;1.1;0.3;18;23;2329
2026-09-11T17:40:43.653898787;1.1;0.3;18;32;2329
2026-09-11T17:40:45.421388276;1.1;0.3;18;0;2329
2026-09-11T17:40:46.799524306;1.1;0.3;18;0;2329
2026-09-11T17:40:48.920577685;1.1;0.3;18;49;2329
2026-09-11T17:40:50.557276546;1.2;0.3;18;7;2329
2026-09-11T17:40:52.175100947;1.2;0.3;18;9;2329
2026-09-11T17:40:54.276300186;1.2;0.3;18;0;2329
2026-09-11T17:40:56.110930385;1.2;0.3;18;0;2329
2026-09-11T17:40:58.285227145;1.2;0.3;18;6;2329
2026-09-11T17:40:59.999335434;1.2;0.3;18;0;2329
2026-09-11T17:41:02.54660375;1.2;0.3;18;51;2329
2026-09-11T17:41:03.679746023;1.2;0.3;18;4;2329
2026-09-11T17:41:05.537296026;1.2;0.3;18;8;2329
2026-09-11T17:41:07.240431291;1.2;0.3;18;28;2329
2026-09-11T17:41:08.789175355;1.2;0.3;18;0;2329
2026-09-11T17:41:10.496530397;1.2;0.3;18;55;2329
2026-09-11T17:41:12.57254136;1.2;0.3;18;0;2329
2026-09-11T17:41:14.179524273;1.2;0.3;18;9;2329
2026-09-11T17:41:15.748688117;1.2;0.3;18;0;2329
2026-09-11T17:41:17.877087596;1.3;0.3;18;4;2329
2026-09-11T17:41:19.391815333;1.3;0.3;18;6;2329
2026-09-11T17:41:21.473765309;1.3;0.4;18;0;2329
2026-09-11T17:41:23.209852808;1.3;0.3;18;42;2329
2026-09-11T17:41:25.71938890;1.3;0.3;18;33;2329
2026-09-11T17:41:27.26858753;1.3;0.3;18;72;2329
2026-09-11T17:41:28.909238032;1.3;0.3;18;1;2329
2026-09-11T17:41:30.719316499;1.3;0.3;18;28;2329
2026-09-11T17:41:32.628838053;1.3;0.3;18;50;2329
2026-09-11T17:41:34.634792160;1.3;0.4;18;0;2329
2026-09-11T17:41:36.963071203;1.3;0.3;18;0;2329
2026-09-11T17:41:38.555972378;1.3;0.4;18;0;2329
2026-09-11T17:41:40.253963701;1.3;0.3;18;0;2329
2026-09-11T17:41:42.582953731;1.3;0.3;18;0;2329
2026-09-11T17:41:44.332664051;1.3;0.3;18;6;2329
2026-09-11T17:41:46.760990905;1.4;0.3;18;49;2329
2026-09-11T17:41:48.402807237;1.4;0.3;18;0;2329
2026-09-11T17:41:50.823555533;1.4;0.3;18;0;2329
2026-09-11T17:41:52.456823513;1.4;0.3;18;0;2329
2026-09-11T17:41:54.447921107;1.4;0.3;18;0;2329
2026-09-11T17:41:56.284260917;1.4;0.3;18;13;2329
2026-09-11T17:41:58.532426404;1.4;0.3;18;26;2329
2026-09-11T17:42:00.424647388;1.4;0.3;18;69;2329
2026-09-11T17:42:02.359174459;1.4;0.3;18;23;2329
2026-09-11T17:42:03.989105325;1.4;0.3;18;42;2329
2026-09-11T17:42:05.525124588;1.4;0.3;18;8;2329
2026-09-11T17:42:07.427409080;1.4;0.3;18;50;2329
2026-09-11T17:42:09.386068676;1.4;0.3;18;29;2329
2026-09-11T17:42:11.227192066;1.4;0.3;18;0;2329
2026-09-11T17:42:12.892244716;1.4;0.3;18;0;2329
2026-09-11T17:42:15.50815670;1.4;0.3;18;15;2329
2026-09-11T17:42:16.947520395;1.4;0.3;18;51;2329
2026-09-11T17:42:18.798012677;1.4;0.4;18;0;2329
2026-09-11T17:42:20.856110204;1.4;0.3;18;0;2329
2026-09-11T17:42:23.16185716;1.5;0.3;18;0;2329
2026-09-11T17:42:24.673173907;1.5;0.3;18;0;2329
2026-09-11T17:42:26.504582263;1.5;0.4;18;0;2329
2026-09-11T17:42:28.203605598;1.5;0.3;18;1;2329
2026-09-11T17:42:30.315018855;1.5;0.3;18;49;2329
2026-09-11T17:42:32.61578677;1.5;0.3;18;0;2329
2026-09-11T17:42:33.767446077;1.5;0.3;18;0;2329
2026-09-11T17:42:35.269607585;1.5;0.3;18;0;2329
2026-09-11T17:42:37.132085043;1.5;0.3;18;0;2329
2026-09-11T17:42:39.180723507;1.5;0.3;18;0;2329
2026-09-11T17:42:40.873431627;1.5;0.3;18;0;2329
2026-09-11T17:42:43.242323805;1.5;0.3;18;48;2329
2026-09-11T17:42:44.991771827;1.5;0.4;18;10;2329
2026-09-11T17:42:47.362853013;1.5;0.3;18;37;2329
2026-09-11T17:42:49.237202773;1.5;0.3;18;0;2329
2026-09-11T17:42:51.156141250;1.5;0.3;18;0;2329
2026-09-11T17:42:53.101854046;1.5;0.3;18;0;2329
2026-09-11T17:42:55.371336767;1.6;0.3;18;29;2329
2026-09-11T17:42:57.189519164;1.6;0.3;18;0;2329
2026-09-11T17:42:59.163706775;1.6;0.4;18;0;2329
2026-09-11T17:43:00.997458458;1.6;0.3;18;0;2329
2026-09-11T17:43:03.376192838;1.6;0.3;18;0;2329
2026-09-11T17:43:05.257927604;1.6;0.3;18;0;2329
2026-09-11T17:43:07.399774332;1.6;0.4;18;0;2329
2026-09-11T17:43:09.256236547;1.6;0.3;18;0;2329
2026-09-11T17:43:11.553781667;1.6;0.3;18;11;2329
2026-09-11T17:43:13.504905324;1.6;0.3;18;0;2329
2026-09-11T17:43:15.202310356;1.6;0.3;18;0;2329
2026-09-11T17:43:16.792607227;1.7;0.3;18;0;2329
2026-09-11T17:43:19.229248342;1.7;0.3;18;40;2329
2026-09-11T17:43:20.729882068;1.7;0.3;18;0;2329
2026-09-11T17:43:23.159297343;1.7;0.3;18;0;2329
2026-09-11T17:43:24.989466600;1.7;0.3;18;32;2329
2026-09-11T17:43:27.513949303;1.7;0.4;18;0;2329
2026-09-11T17:43:29.231954612;1.7;0.3;18;0;2329
2026-09-11T17:43:31.656203741;1.7;0.3;18;48;2329
2026-09-11T17:43:33.266984536;1.7;0.4;18;0;2329
2026-09-11T17:43:35.508766045;1.7;0.3;18;0;2329
2026-09-11T17:43:37.198590022;1.7;0.3;18;10;2329
2026-09-11T17:43:39.501732990;1.7;0.3;18;0;2329
2026-09-11T17:42:00.662289684;1.7;0.3;18;0;2329
2026-09-11T17:43:43.776442483;1.7;0.3;18;0;2329
2026-09-11T17:43:46.57973221;1.8;0.3;18;51;2329
2026-09-11T17:43:47.804025549;1.8;0.3;18;50;2329
2026-09-11T17:43:49.763305740;1.8;0.3;18;0;2329
2026-09-11T17:43:51.692892108;1.8;0.3;18;20;2329
2026-09-11T17:43:53.652172155;1.8;0.3;18;0;2329
2026-09-11T17:43:55.685465812;1.8;0.3;18;6;2329
2026-09-11T17:43:57.880882397;1.8;0.3;18;0;2329
2026-09-11T17:44:00.32421007;1.8;0.3;18;0;2329
2026-09-11T17:44:01.813873812;1.8;0.3;18;0;2329
2026-09-11T17:44:03.943097980;1.8;0.3;18;43;2329
2026-09-11T17:44:05.864525141;1.8;0.3;18;34;2329
2026-09-11T17:44:07.576988363;1.8;0.4;18;0;2329
2026-09-11T17:44:09.371920986;1.8;0.3;18;0;2329
2026-09-11T17:44:11.435536328;1.8;0.3;18;0;2329
2026-09-11T17:44:13.363933195;1.9;0.3;18;0;2329
2026-09-11T17:44:15.547824969;1.9;0.3;18;100;2329
2026-09-11T17:44:17.503052240;1.9;0.3;18;0;2329
2026-09-11T17:44:19.971735419;1.9;0.3;18;52;2329
2026-09-11T17:44:21.569849853;1.9;0.3;18;0;2329
2026-09-11T17:44:23.748062913;1.9;0.3;18;4;2329
2026-09-11T17:44:25.531963077;1.9;0.4;18;20;2329
2026-09-11T17:44:28.15874725;1.9;0.3;18;0;2329
2026-09-11T17:44:29.908571921;1.9;0.4;18;34;2329
2026-09-11T17:44:32.295170191;1.9;0.3;18;0;2329
2026-09-11T17:44:34.136925566;1.9;0.3;18;8;2329
2026-09-11T17:44:36.270107858;1.9;0.3;18;0;2329
2026-09-11T17:44:37.951929566;2.0;0.3;18;0;2329
2026-09-11T17:44:40.25567362;2.0;0.3;18;14;2329
2026-09-11T17:44:41.788178063;2.0;0.3;18;31;2329
2026-09-11T17:44:43.527340981;2.0;0.4;18;0;2329
2026-09-11T17:44:45.457547448;2.0;0.3;18;50;2329
2026-09-11T17:44:47.487996714;2.0;0.3;18;0;2329
2026-09-11T17:44:49.405319256;2.0;0.3;18;4;2329
2026-09-11T17:44:51.448954943;2.0;0.3;18;6;2329
2026-09-11T17:44:53.121271027;2.0;0.3;18;0;2329
2026-09-11T17:44:55.65294036;2.0;0.3;18;0;2329
2026-09-11T17:44:56.767834356;2.0;0.3;18;9;2329
2026-09-11T17:44:58.500408945;2.0;0.3;18;0;2329
2026-09-11T17:45:00.359364384;2.0;0.3;18;0;2329
2026-09-11T17:45:02.316722971;2.0;0.3;18;0;2329
2026-09-11T17:45:04.467985395;2.0;0.3;18;0;2329
2026-09-11T17:45:06.848758762;2.1;0.3;18;14;2329
2026-09-11T17:45:08.410212575;2.1;0.3;18;5;2329
2026-09-11T17:45:10.274136873;2.1;0.3;18;0;2329
2026-09-11T17:45:12.391641206;2.1;0.3;18;0;2329
2026-09-11T17:45:14.342767444;2.1;0.3;18;16;2329
2026-09-11T17:45:16.172851496;2.1;0.4;18;0;2329
2026-09-11T17:45:17.965635653;2.1;0.3;18;0;2329
2026-09-11T17:45:20.74941103;2.1;0.3;18;18;2329
2026-09-11T17:45:21.972628934;2.1;0.3;18;0;2329
2026-09-11T17:45:24.226745686;2.1;0.3;18;0;2329
2026-09-11T17:45:26.143558536;2.1;0.3;18;0;2329
2026-09-11T17:45:28.577456041;2.1;0.3;18;27;2329
2026-09-11T17:45:30.308401883;2.1;0.3;18;1;2329
2026-09-11T17:45:32.327250958;2.1;0.3;18;0;2329
2026-09-11T17:45:34.116225452;2.1;0.4;18;2;2329
2026-09-11T17:45:36.611657682;2.1;0.3;18;51;2329
2026-09-11T17:45:38.525639999;2.2;0.3;18;0;2329
2026-09-11T17:45:40.529283483;2.2;0.3;18;7;2329
2026-09-11T17:45:42.494481233;2.2;0.3;18;7;2329
2026-09-11T17:45:44.549655769;2.2;0.3;18;10;2329
2026-09-11T17:45:46.458866044;2.2;0.3;18;0;2329
2026-09-11T17:45:48.498614891;2.2;0.3;18;0;2329
2026-09-11T17:45:50.449209026;2.2;0.3;18;0;2329
2026-09-11T17:45:52.533994513;2.2;0.3;18;0;2329
2026-09-11T17:45:54.303541723;2.2;0.3;18;94;2329
2026-09-11T17:45:56.717897999;2.2;0.3;18;0;2329
2026-09-11T17:45:58.159127525;2.2;0.3;18;0;2329
2026-09-11T17:46:00.314059413;2.2;0.3;18;0;2329
2026-09-11T17:46:02.337296384;2.2;0.3;18;12;2329
2026-09-11T17:46:04.704201333;2.2;0.3;18;7;2329
2026-09-11T17:46:06.726627001;2.2;0.3;18;0;2329
2026-09-11T17:46:08.876051418;2.2;0.3;18;51;2329
2026-09-11T17:46:10.623016951;2.2;0.3;18;0;2329
2026-09-11T17:46:12.666188653;2.3;0.3;18;50;2329
2026-09-11T17:46:14.831332776;2.3;0.3;18;33;2329
2026-09-11T17:46:16.830253760;2.3;0.3;18;52;2329
2026-09-11T17:46:18.489854124;2.3;0.3;18;0;2329
2026-09-11T17:46:20.517074164;2.3;0.3;18;0;2329
2026-09-11T17:46:22.214398094;2.3;0.3;18;0;2329
2026-09-11T17:46:24.330204027;2.3;0.3;18;0;2329
2026-09-11T17:46:25.981695499;2.3;0.3;18;24;2329
2026-09-11T17:46:28.66791875;2.3;0.3;18;24;2329
2026-09-11T17:46:29.617734617;2.3;0.3;18;10;2329
2026-09-11T17:46:31.334808897;2.3;0.3;18;0;2329
2026-09-11T17:46:33.988348;2.3;0.3;18;0;2329
2026-09-11T17:46:35.9868659;2.3;0.3;18;16;2329
2026-09-11T17:46:34.632957616;2.3;0.3;18;80;2329
2026-09-11T17:46:36.333715816;2.3;0.3;18;50;2329
2026-09-11T17:46:38.682167093;2.3;0.3;18;0;2329
2026-09-11T17:46:40.414401405;2.3;0.3;18;0;2329
2026-09-11T17:46:42.560777941;2.3;0.3;18;29;2329
2026-09-11T17:46:44.222207005;2.3;0.3;18;0;2329
2026-09-11T17:46:46.184454218;2.3;0.4;18;0;2329
2026-09-11T17:46:48.128445798;2.3;0.3;18;8;2329
2026-09-11T17:46:50.507481849;2.4;0.3;18;6;2329
2026-09-11T17:46:52.310302366;2.4;0.3;18;24;2329
2026-09-11T17:46:54.643347704;2.4;0.3;18;9;2329
2026-09-11T17:46:56.179541776;2.4;0.3;18;0;2329
2026-09-11T17:46:58.154829191;2.4;0.3;18;0;2329
2026-09-11T17:46:59.473012497;2.4;0.3;18;0;2329
2026-09-11T17:47:00.940386641;2.4;0.3;18;0;2329
2026-09-11T17:47:02.493337205;2.4;0.3;18;0;2329
2026-09-11T17:47:04.35022679;2.4;0.3;18;0;2329
2026-09-11T17:47:07.62554242;2.4;0.3;18;0;2329
2026-09-11T17:47:09.42216005;2.4;0.3;18;0;2329
2026-09-11T17:47:11.310059381;2.4;0.3;18;51;2329
2026-09-11T17:47:12.961590831;2.4;0.3;18;0;2329
2026-09-11T17:47:14.853905792;2.4;0.3;18;0;2329
2026-09-11T17:47:16.283899172;2.4;0.4;18;0;2329
2026-09-11T17:47:17.393665027;2.4;0.4;18;0;2329
2026-09-11T17:47:18.462111906;2.4;0.4;18;0;2329
2026-09-11T17:47:19.531981251;2.4;0.4;18;0;2329
2026-09-11T17:47:20.601905750;2.4;0.4;18;0;2329
2026-09-11T17:47:21.688630981;2.4;0.3;18;0;2329
2026-09-11T17:47:22.822464370;2.4;0.3;18;0;2329
2026-09-11T17:47:23.893532036;2.4;0.3;18;0;2329
2026-09-11T17:47:24.962604112;2.4;0.3;18;0;2329
2026-09-11T17:47:26.38688240;2.4;0.3;18;0;2329
2026-09-11T17:47:27.109861400;2.4;0.3;18;0;2329
2026-09-11T17:47:28.183399302;2.4;0.3;18;0;2329
2026-09-11T17:47:29.276100615;2.4;0.3;18;0;2329
2026-09-11T17:47:30.351477204;2.4;0.3;18;0;2329
2026-09-11T17:47:31.459330190;2.4;0.3;18;0;2329
2026-09-11T17:47:32.659686193;2.4;0.3;18;0;2329
2026-09-11T17:47:33.761567890;2.4;0.3;18;0;2329
2026-09-11T17:47:34.833889196;2.4;0.3;18;0;2329
2026-09-11T17:47:35.908682715;2.4;0.3;18;0;2329
2026-09-11T17:47:37.51712280;2.4;0.3;18;0;2329
2026-09-11T17:47:38.132575274;2.4;0.3;18;0;2329
2026-09-11T17:47:39.204648907;2.4;0.3;18;0;2329
2026-09-11T17:47:40.277725916;2.4;0.3;18;0;2329
2026-09-11T17:47:41.411685083;2.4;0.3;18;0;2329
2026-09-11T17:47:42.655842606;2.4;0.3;18;0;2329
2026-09-11T17:47:43.759115775;2.4;0.3;18;0;2329
2026-09-11T17:47:44.862007742;2.4;0.3;18;0;2329
2026-09-11T17:47:45.943030849;2.4;0.3;18;0;2329
2026-09-11T17:47:47.27937712;2.4;0.3;18;0;2329
2026-09-11T17:47:48.117163151;2.4;0.3;18;0;2329
2026-09-11T17:47:49.197607411;2.4;0.3;18;0;2329
2026-09-11T17:47:50.292217997;2.4;0.3;18;0;2329
2026-09-11T17:47:51.414064651;2.4;0.3;18;0;2329
2026-09-11T17:47:52.593004310;2.4;0.3;18;0;2329
2026-09-11T17:47:53.723211482;2.4;0.3;18;0;2329
2026-09-11T17:47:54.812352501;2.4;0.3;18;0;2329
2026-09-11T17:47:55.895082888;2.4;0.3;18;0;2329
2026-09-11T17:47:56.969392013;2.4;0.3;18;0;2329
2026-09-11T17:47:58.70897359;2.4;0.3;18;0;2329
2026-09-11T17:47:59.148871038;2.4;0.3;18;0;2329
2026-09-11T17:48:00.223256473;2.4;0.3;18;0;2329
2026-09-11T17:48:01.320845678;2.4;0.3;18;0;2329
2026-09-11T17:48:02.449410408;2.4;0.3;18;0;2329
2026-09-11T17:48:03.572081135;2.4;0.3;18;0;2329
2026-09-11T17:48:04.643822118;2.4;0.3;18;0;2329
2026-09-11T17:48:05.711019708;2.4;0.3;18;0;2329
2026-09-11T17:48:06.781751130;2.4;0.3;18;0;2329
2026-09-11T17:48:07.850340267;2.4;0.3;18;0;2329
2026-09-11T17:48:08.929086501;2.4;0.3;18;0;2329
2026-09-11T17:48:10.4544862;2.4;0.3;18;0;2329
2026-09-11T17:48:11.95324313;2.4;0.3;18;0;2329
2026-09-11T17:48:12.257138437;2.4;0.3;18;0;2329
2026-09-11T17:48:13.385461256;2.4;0.3;18;0;2329
2026-09-11T17:48:14.461621351;2.4;0.3;18;0;2329
2026-09-11T17:48:15.536121076;2.4;0.3;18;0;2329
2026-09-11T17:48:16.604038546;2.4;0.3;18;0;2329
2026-09-11T17:48:17.680268896;2.4;0.3;18;0;2329
2026-09-11T17:48:18.754354889;2.4;0.3;18;0;2329
2026-09-11T17:48:19.823701704;2.4;0.3;18;0;2329
2026-09-11T17:48:20.912489859;2.4;0.3;18;0;2329
2026-09-11T17:48:22.46803415;2.4;0.3;18;0;2329
2026-09-11T17:48:23.161179840;2.4;0.3;18;0;2329
2026-09-11T17:48:24.235594213;2.4;0.3;18;0;2329
2026-09-11T17:48:25.315980871;2.4;0.3;18;0;2329
2026-09-11T17:48:26.399878280;2.4;0.3;18;0;2329
2026-09-11T17:48:27.470823008;2.4;0.3;18;0;2329
2026-09-11T17:48:28.543292168;2.4;0.3;18;0;2329
2026-09-11T17:48:29.619687539;2.4;0.3;18;0;2329
2026-09-11T17:48:30.723007174;2.4;0.3;18;0;2329
2026-09-11T17:48:31.896194552;2.4;0.3;18;0;2329
2026-09-11T17:48:33.16550666;2.4;0.3;18;0;2329
2026-09-11T17:48:34.93156622;2.4;0.3;18;0;2329
2026-09-11T17:48:35.163666772;2.4;0.3;18;0;2329
2026-09-11T17:48:36.230390501;2.4;0.3;18;0;2329
2026-09-11T17:48:37.316291014;2.4;0.3;18;0;2329
2026-09-11T17:48:38.404552337;2.4;0.3;18;0;2329
2026-09-11T17:48:39.476098436;2.3;0.3;18;0;2329
2026-09-11T17:48:40.562957806;2.3;0.3;18;0;2329
2026-09-11T17:48:41.710120257;2.3;0.3;18;0;2329
2026-09-11T17:48:42.955875181;2.3;0.3;18;0;2329
2026-09-11T17:48:44.180139896;2.3;0.3;18;0;2329
2026-09-11T17:48:45.258655105;2.3;0.3;18;0;2329
2026-09-11T17:48:46.333466528;2.3;0.3;18;0;2329
2026-09-11T17:48:47.406195040;2.3;0.3;18;0;2329
2026-09-11T17:48:48.479492653;2.3;0.3;18;0;2329
2026-09-11T17:48:49.558424811;2.3;0.3;18;0;2329
2026-09-11T17:48:50.637827097;2.3;0.3;18;0;2329
2026-09-11T17:48:51.788897377;2.3;0.3;18;0;2329
2026-09-11T17:48:52.925720777;2.3;0.3;18;0;2329
2026-09-11T17:48:54.39423588;2.3;0.3;18;0;2329
2026-09-11T17:48:55.106079580;2.3;0.3;18;0;2329
2026-09-11T17:48:56.173506542;2.3;0.3;18;0;2329
2026-09-11T17:48:57.249540797;2.3;0.3;18;0;2329
2026-09-11T17:48:58.322826616;2.3;0.3;18;0;2329
2026-09-11T17:48:59.393422365;2.3;0.3;18;0;2329
2026-09-11T17:49:00.476174163;2.3;0.3;18;0;2329
2026-09-11T17:49:01.650671020;2.3;0.3;18;0;2329
2026-09-11T17:49:02.865359736;2.3;0.3;18;0;2329
2026-09-11T17:49:03.961805379;2.3;0.3;18;0;2329
2026-09-11T17:49:05.40130251;2.3;0.3;18;0;2329
2026-09-11T17:49:06.112388095;2.3;0.3;18;0;2329
2026-09-11T17:49:07.179850331;2.3;0.3;18;0;2329
2026-09-11T17:49:08.265675642;2.3;0.3;18;0;2329
2026-09-11T17:49:09.345421470;2.3;0.3;18;0;2329
2026-09-11T17:49:10.418012517;2.3;0.3;18;0;2329
2026-09-11T17:49:11.546700989;2.3;0.3;18;0;2329
2026-09-11T17:49:12.701435993;2.3;0.3;18;0;2329
2026-09-11T17:49:13.864708379;2.3;0.3;18;0;2329
2026-09-11T17:49:14.989810597;2.3;0.3;18;0;2329
2026-09-11T17:49:16.63983311;2.3;0.3;18;0;2329
2026-09-11T17:49:17.160971577;2.3;0.3;18;0;2329
2026-09-11T17:49:18.243723658;2.3;0.3;18;0;2329
2026-09-11T17:49:19.316376129;2.3;0.3;18;0;2329
2026-09-11T17:49:20.398963799;2.3;0.3;18;0;2329
2026-09-11T17:49:21.558177967;2.3;0.3;18;0;2329
2026-09-11T17:49:22.692039750;2.3;0.3;18;0;2329
2026-09-11T17:49:23.765056442;2.3;0.3;18;0;2329
2026-09-11T17:49:24.843062572;2.3;0.3;18;0;2329
2026-09-11T17:49:25.917087827;2.3;0.3;18;0;2329
2026-09-11T17:49:26.985819544;2.3;0.3;18;0;2329
2026-09-11T17:49:28.56213737;2.3;0.3;18;0;2329
2026-09-11T17:49:29.133594347;2.3;0.3;18;0;2329
2026-09-11T17:49:30.202527024;2.3;0.3;18;0;2329
2026-09-11T17:49:31.300328852;2.3;0.4;18;0;2329
2026-09-11T17:49:32.428206027;2.3;0.4;18;0;2329
2026-09-11T17:49:33.506464082;2.3;0.4;18;0;2329
2026-09-11T17:49:34.580632360;2.3;0.4;18;0;2329
2026-09-11T17:49:35.660145211;2.3;0.4;18;0;2329
2026-09-11T17:49:36.730402631;2.3;0.4;18;0;2329
2026-09-11T17:49:37.804933807;2.3;0.4;18;0;2329
2026-09-11T17:49:38.871953591;2.3;0.4;18;0;2329
2026-09-11T17:49:39.946402840;2.3;0.4;18;0;2329
2026-09-11T17:49:41.31423070;2.3;0.3;18;0;2329
2026-09-11T17:49:42.153848653;2.3;0.3;18;0;2329
2026-09-11T17:49:43.285504457;2.3;0.3;18;0;2329
2026-09-11T17:49:44.423979811;2.3;0.3;18;0;2329
2026-09-11T17:49:45.549845963;2.3;0.3;18;0;2329
2026-09-11T17:49:46.621972905;2.3;0.3;18;0;2329
2026-09-11T17:49:47.698617113;2.3;0.3;18;0;2329
2026-09-11T17:49:48.779572923;2.3;0.3;18;0;2329
2026-09-11T17:49:49.848326167;2.3;0.3;18;0;2329
2026-09-11T17:49:50.937510623;2.3;0.3;18;0;2329
2026-09-11T17:49:52.62626970;2.3;0.3;18;0;2329
2026-09-11T17:49:53.137771171;2.3;0.3;18;0;2329
2026-09-11T17:49:54.216711304;2.3;0.3;18;0;2329
2026-09-11T17:49:55.307116403;2.3;0.3;18;0;2329
2026-09-11T17:49:56.373933656;2.3;0.3;18;0;2329
2026-09-11T17:49:57.440726786;2.3;0.3;18;0;2329
2026-09-11T17:49:58.511551038;2.3;0.3;18;0;2329
2026-09-11T17:49:59.583359232;2.3;0.3;18;0;2329
2026-09-11T17:50:00.662343656;2.3;0.3;18;0;2329
2026-09-11T17:50:01.758069459;2.3;0.3;18;0;2329
2026-09-11T17:50:02.889468996;2.3;0.3;18;0;2329
2026-09-11T17:50:03.986858675;2.3;0.3;18;0;2329
2026-09-11T17:50:05.64409583;2.3;0.3;18;0;2329
2026-09-11T17:50:06.142245932;2.3;0.3;18;0;2329
2026-09-11T17:50:07.211029179;2.3;0.3;18;0;2329
2026-09-11T17:50:08.279230255;2.3;0.3;18;0;2329
2026-09-11T17:50:09.351468809;2.3;0.3;18;0;2329
2026-09-11T17:50:10.419372818;2.3;0.3;18;0;2329
2026-09-11T17:50:11.512707207;2.3;0.3;18;0;2329
2026-09-11T17:50:12.628385301;2.3;0.3;18;0;2329
2026-09-11T17:50:13.701022500;2.3;0.3;18;0;2329
2026-09-11T17:50:14.817918892;2.3;0.3;18;0;2329
2026-09-11T17:50:15.955535113;2.3;0.3;18;0;2329
2026-09-11T17:50:17.62973284;2.3;0.3;18;0;2329
2026-09-11T17:50:18.147439808;2.3;0.3;18;0;2329
2026-09-11T17:50:19.232509985;2.3;0.3;18;0;2329
2026-09-11T17:50:20.310190122;2.3;0.3;18;0;2329
2026-09-11T17:50:21.405615542;2.3;0.3;18;0;2329
2026-09-11T17:50:22.529163940;2.3;0.3;18;0;2329
2026-09-11T17:50:23.636594790;2.3;0.3;18;0;2329
2026-09-11T17:50:24.723800260;2.3;0.3;18;0;2329
2026-09-11T17:50:25.793554838;2.3;0.3;18;0;2329
2026-09-11T17:50:26.861992525;2.3;0.3;18;0;2329
2026-09-11T17:50:27.933441552;2.3;0.3;18;0;2329
2026-09-11T17:50:29.2656806;2.3;0.3;18;0;2329
2026-09-11T17:50:30.81203995;2.3;0.3;18;0;2329
2026-09-11T17:50:31.171390949;2.3;0.3;18;0;2329
2026-09-11T17:50:32.323328421;2.3;0.3;18;0;2329
2026-09-11T17:50:33.470221802;2.3;0.3;18;0;2329
2026-09-11T17:50:34.549913769;2.3;0.3;18;0;2329
2026-09-11T17:50:35.642173034;2.3;0.3;18;0;2329
2026-09-11T17:50:36.717682253;2.3;0.3;18;0;2329
2026-09-11T17:50:37.794239089;2.3;0.3;18;0;2329
2026-09-11T17:50:38.870775208;2.3;0.3;18;0;2329
2026-09-11T17:50:39.957445474;2.2;0.3;18;0;2329
2026-09-11T17:50:41.36429136;2.2;0.3;18;0;2329
2026-09-11T17:50:42.219995619;2.2;0.3;18;0;2329
2026-09-11T17:50:43.396720711;2.2;0.3;18;0;2329
2026-09-11T17:50:44.568428363;2.2;0.3;18;0;2329
2026-09-11T17:50:45.663352424;2.2;0.3;18;0;2329
2026-09-11T17:50:46.826840067;2.2;0.3;18;0;2329
2026-09-11T17:50:47.939019174;2.2;0.3;18;0;2329
2026-09-11T17:50:49.73202777;2.2;0.3;18;0;2329
2026-09-11T17:50:50.149552046;2.2;0.3;18;0;2329
2026-09-11T17:50:51.283739017;2.2;0.3;18;0;2329
2026-09-11T17:50:52.581077054;2.2;0.2;18;0;2329
2026-09-11T17:50:53.844533587;2.2;0.2;18;0;2329
2026-09-11T17:50:55.90965522;2.2;0.2;18;0;2329
2026-09-11T17:50:56.280003796;2.2;0.2;18;0;2329
2026-09-11T17:50:57.473925017;2.2;0.2;18;0;2329
2026-09-11T17:50:58.704681233;2.2;0.2;18;0;2329
2026-09-11T17:50:59.950609649;2.2;0.2;18;0;2329
2026-09-11T17:51:01.207909501;2.2;0.2;18;0;2329
2026-09-11T17:51:02.484903366;2.2;0.2;18;0;2329
2026-09-11T17:51:03.747628453;2.2;0.2;18;0;2329
2026-09-11T17:51:04.882119465;2.2;0.2;18;0;2329
2026-09-11T17:51:05.999263461;2.2;0.2;18;0;2329
2026-09-11T17:51:07.83202213;2.2;0.2;18;0;2329
2026-09-11T17:51:08.156941761;2.2;0.2;18;0;2329
2026-09-11T17:51:09.230826547;2.2;0.2;18;0;2329
2026-09-11T17:51:10.299223129;2.2;0.2;18;0;2329
2026-09-11T17:51:11.449078263;2.2;0.2;18;0;2329
2026-09-11T17:51:12.725859414;2.2;0.2;18;0;2329
2026-09-11T17:51:13.924236262;2.2;0.2;18;0;2329
2026-09-11T17:51:15.132557530;2.2;0.2;18;0;2329
2026-09-11T17:51:16.430836928;2.2;0.2;18;0;2329
2026-09-11T17:51:17.755741882;2.2;0.2;18;0;2329
2026-09-11T17:51:19.194379256;2.2;0.2;18;0;2329
2026-09-11T17:51:20.537050423;2.2;0.2;18;0;2329
2026-09-11T17:51:21.924206578;2.2;0.2;18;0;2329
2026-09-11T17:51:23.507264431;2.2;0.2;18;0;2329
2026-09-11T17:51:25.456184937;2.2;0.2;18;0;2329
2026-09-11T17:51:27.72922074;2.2;0.2;18;0;2329
2026-09-11T17:51:28.595429439;2.2;0.2;18;0;2329
2026-09-11T17:51:30.168657359;2.2;0.2;18;0;2329
2026-09-11T17:51:31.528020097;2.2;0.4;18;0;2329
2026-09-11T17:51:32.738884078;2.2;0.3;18;0;2329
2026-09-11T17:51:33.938813261;2.2;0.3;18;0;2329
2026-09-11T17:51:35.137176316;2.2;0.3;18;0;2329
2026-09-11T17:51:36.327962056;2.2;0.3;18;0;2329
2026-09-11T17:51:37.675899356;2.2;0.3;18;0;2329
2026-09-11T17:51:39.77044288;2.2;0.3;18;0;2329
2026-09-11T17:51:40.404100093;2.2;0.2;18;0;2329
2026-09-11T17:51:41.769548802;2.2;0.2;18;0;2329
2026-09-11T17:51:43.124447572;2.2;0.2;18;0;2329
2026-09-11T17:51:44.396463922;2.2;0.2;18;0;2329
2026-09-11T17:51:45.615673711;2.2;0.2;18;0;2329
2026-09-11T17:51:47.61957283;2.2;0.2;18;0;2329
2026-09-11T17:51:48.509944518;2.2;0.2;18;0;2329
2026-09-11T17:51:49.928353656;2.2;0.2;18;0;2329
2026-09-11T17:51:51.286601165;2.2;0.2;18;0;2329
2026-09-11T17:51:52.694068176;2.2;0.2;18;0;2329
2026-09-11T17:51:53.954918119;2.2;0.2;18;0;2329
2026-09-11T17:51:55.203918657;2.2;0.2;18;0;2329
2026-09-11T17:51:56.482188420;2.2;0.2;18;0;2329
2026-09-11T17:51:57.956344742;2.2;0.2;18;0;2329
2026-09-11T17:51:59.488231581;2.2;0.2;18;0;2329
2026-09-11T17:52:00.806815819;2.2;0.2;18;0;2329
2026-09-11T17:52:02.14368719;2.2;0.2;18;0;2329
2026-09-11T17:52:03.219564700;2.2;0.2;18;0;2329
2026-09-11T17:52:04.407457676;2.2;0.2;18;0;2329
2026-09-11T17:52:05.593947412;2.2;0.2;18;0;2329
2026-09-11T17:52:06.903186790;2.2;0.2;18;0;2329
2026-09-11T17:52:08.216202313;2.2;0.2;18;0;2329
2026-09-11T17:52:09.468556098;2.2;0.2;18;0;2329
2026-09-11T17:52:10.682932984;2.2;0.2;18;0;2329
2026-09-11T17:52:11.896175245;2.2;0.2;18;0;2329
2026-09-11T17:52:13.151745962;2.2;0.2;18;0;2329
2026-09-11T17:52:14.424220349;2.2;0.2;18;0;2329
2026-09-11T17:52:16.184374460;2.2;0.3;18;0;0
2026-09-11T17:52:19.981695848;2.2;0.4;18;0;0
2026-09-11T17:52:23.842791287;2.2;0.4;18;0;0
2026-09-11T17:52:26.750685844;2.2;0.4;18;0;0
2026-09-11T17:52:29.663572396;2.2;0.4;18;0;0
2026-09-11T17:52:32.421131731;2.2;0.4;18;0;0
2026-09-11T17:52:34.615916626;2.2;0.4;18;0;0
2026-09-11T17:52:38.336601029;2.2;0.4;18;0;0
2026-09-11T17:52:41.928550168;2.2;0.4;18;0;0
2026-09-11T17:52:44.190976863;2.2;0.4;18;0;0
2026-09-11T17:52:47.153946417;2.2;0.4;18;0;0
2026-09-11T17:52:49.502868241;2.2;0.4;18;0;0
2026-09-11T17:52:51.921540116;2.2;0.4;18;0;0
2026-09-11T17:52:53.986381351;2.2;0.4;18;0;0
2026-09-11T17:52:56.660102447;2.2;0.4;18;0;0
2026-09-11T17:52:59.570032941;2.2;0.4;18;0;0
2026-09-11T17:53:01.581200089;2.2;0.4;18;0;0
2026-09-11T17:53:03.577767273;2.2;0.4;18;0;0
2026-09-11T17:53:05.679690747;2.2;0.4;18;0;0
2026-09-11T17:53:07.823353192;2.2;0.4;18;0;0
2026-09-11T17:53:09.853430739;2.2;0.4;18;0;0
2026-09-11T17:53:11.909394646;2.2;0.4;18;0;0
2026-09-11T17:53:13.870551838;2.2;0.4;18;0;0
2026-09-11T17:53:15.873151930;2.2;0.4;18;0;0
2026-09-11T17:53:18.13014326;2.2;0.4;18;0;0
2026-09-11T17:53:20.202065637;2.2;0.4;18;0;0
2026-09-11T17:53:22.152788247;2.2;0.4;18;0;0
2026-09-11T17:53:24.161539909;2.2;0.4;18;0;0
2026-09-11T17:53:26.124641458;2.2;0.4;18;0;0
2026-09-11T17:53:28.140100951;2.2;0.4;18;0;0
2026-09-11T17:53:30.116686062;2.2;0.4;18;0;0
2026-09-11T17:53:32.205302803;2.2;0.4;18;0;0
2026-09-11T17:53:34.187765291;2.2;0.4;18;0;0
2026-09-11T17:53:36.159701274;2.2;0.4;18;0;0
2026-09-11T17:53:38.118498889;2.2;0.4;18;0;0
2026-09-11T17:53:40.94198922;2.1;0.4;18;0;0
2026-09-11T17:53:42.54344727;2.1;0.4;18;0;0
2026-09-11T17:53:44.27059404;2.1;0.4;18;0;0
2026-09-11T17:53:45.980429776;2.1;0.4;18;0;0
2026-09-11T17:53:47.922076735;2.1;0.4;18;0;0
2026-09-11T17:53:49.872755321;2.1;0.4;18;0;0
2026-09-11T17:53:51.870853339;2.1;0.4;18;0;0
2026-09-11T17:53:53.827738274;2.1;0.4;18;0;0
2026-09-11T17:53:55.788151959;2.1;0.4;18;0;0
2026-09-11T17:53:57.146055989;2.1;0.4;18;0;0
2026-09-11T17:53:59.105556360;2.1;0.4;18;0;0
2026-09-11T17:54:01.55907238;2.1;0.4;18;0;0
2026-09-11T17:54:02.995610626;2.1;0.4;18;0;0
2026-09-11T17:54:04.934976133;2.1;0.4;18;0;0
2026-09-11T17:54:06.886237853;2.1;0.4;18;0;0
2026-09-11T17:54:08.831078899;2.1;0.4;18;0;0
2026-09-11T17:54:10.781500168;2.1;0.4;18;0;0
2026-09-11T17:54:12.733744860;2.1;0.4;18;0;0
2026-09-11T17:54:14.678528671;2.1;0.4;18;0;0
2026-09-11T17:54:16.640063636;2.1;0.4;18;0;0
2026-09-11T17:54:18.585252436;2.1;0.4;18;0;0
2026-09-11T17:54:20.522507499;2.1;0.4;18;0;0
2026-09-11T17:54:22.477472757;2.1;0.4;18;0;0
2026-09-11T17:54:23.753038460;2.1;0.4;18;0;0
2026-09-11T17:54:25.26551476;2.1;0.4;18;0;0
2026-09-11T17:54:26.975446261;2.1;0.4;18;0;0
2026-09-11T17:54:28.912331407;2.1;0.4;18;0;0
2026-09-11T17:54:30.858992078;2.1;0.4;18;0;0
2026-09-11T17:54:32.818341146;2.1;0.4;18;0;0
2026-09-11T17:54:34.743763826;2.1;0.4;18;0;0
2026-09-11T17:54:36.701521114;2.1;0.4;18;0;0
2026-09-11T17:54:38.654814156;2.1;0.4;18;0;0
2026-09-11T17:54:40.613027758;2.1;0.4;18;0;0
2026-09-11T17:54:42.573428425;2.1;0.4;18;0;0
2026-09-11T17:54:44.506663446;2.1;0.4;18;0;0
2026-09-11T17:54:46.466188247;2.1;0.4;18;0;0
2026-09-11T17:54:48.413854076;2.1;0.4;18;0;0
2026-09-11T17:54:50.397812481;2.1;0.4;18;0;0
2026-09-11T17:54:52.344485980;2.1;0.4;18;0;0
2026-09-11T17:54:54.295208298;2.1;0.4;18;0;0
2026-09-11T17:54:56.248496852;2.1;0.4;18;0;0
2026-09-11T17:54:58.181447454;2.1;0.4;18;0;0
2026-09-11T17:55:00.115331156;2.1;0.4;18;0;0
2026-09-11T17:55:02.85285299;2.1;0.4;18;0;0
2026-09-11T17:55:04.32762692;2.1;0.4;18;0;0
2026-09-11T17:55:06.25630288;2.1;0.4;18;0;0
2026-09-11T17:55:07.274951087;2.1;0.4;18;0;0
2026-09-11T17:55:09.250531035;2.1;0.4;18;0;0
2026-09-11T17:55:11.194396412;2.1;0.4;18;0;0
2026-09-11T17:55:13.167921508;2.1;0.4;18;0;0
2026-09-11T17:55:15.119488735;2.1;0.4;18;0;0
2026-09-11T17:55:17.112397753;2.1;0.4;18;0;0
2026-09-11T17:55:19.115009376;2.1;1.2;18;0;0
2026-09-11T17:55:21.63233214;2.1;1.2;18;0;0
2026-09-11T17:55:23.8048362;2.1;1.2;18;0;0
2026-09-11T17:55:25.11864049;2.1;1.2;18;0;0
2026-09-11T17:55:26.985631515;2.1;1.2;18;0;0
2026-09-11T17:55:28.945126945;2.1;1.2;18;0;0
2026-09-11T17:55:30.911975931;2.1;1.2;18;0;0
2026-09-11T17:55:32.880290245;2.1;1.2;18;0;0
2026-09-11T17:55:34.905884783;2.1;1.2;18;0;0
2026-09-11T17:55:36.862356159;2.1;1.2;18;0;0
2026-09-11T17:55:38.805084178;2.1;1.2;18;0;0
2026-09-11T17:55:40.774378949;2.1;1.2;18;0;0
2026-09-11T17:55:42.731635306;2.1;1.2;18;0;0
2026-09-11T17:55:44.675048281;2.1;1.2;18;0;0
2026-09-11T17:55:46.618466640;2.1;1.2;18;0;0
2026-09-11T17:55:48.574824596;2.1;1.2;18;0;0
2026-09-11T17:55:50.532112519;2.1;1.2;18;0;0
2026-09-11T17:55:52.482612783;2.1;1.2;18;0;0
2026-09-11T17:55:54.512329085;2.1;1.2;18;0;0
2026-09-11T17:55:56.486213847;2.1;1.2;18;0;0
2026-09-11T17:55:58.433771949;2.1;1.2;18;0;0
2026-09-11T17:56:00.389788222;2.1;1.2;18;0;0
2026-09-11T17:56:02.371730233;2.1;1.2;18;0;0
2026-09-11T17:56:04.306310970;2.1;1.2;18;0;0
2026-09-11T17:56:06.269074419;2.1;1.2;18;0;0
2026-09-11T17:56:08.277653209;2.1;1.2;18;0;0
2026-09-11T17:56:10.217903254;2.1;1.2;18;0;0
2026-09-11T17:56:12.215559974;2.1;1.2;18;0;0
2026-09-11T17:56:14.191256257;2.1;1.2;18;0;0
2026-09-11T17:56:16.146195392;2.1;1.2;18;0;0
2026-09-11T17:56:18.100823083;2.1;1.2;18;0;0
2026-09-11T17:56:20.107809886;2.1;1.2;18;0;0
2026-09-11T17:56:22.66647482;2.1;1.2;18;0;0
2026-09-11T17:56:24.27236756;2.1;1.2;18;0;0
2026-09-11T17:56:25.943821621;2.1;1.2;18;0;0
2026-09-11T17:56:27.905508178;2.1;1.2;18;0;0
2026-09-11T17:56:29.850035975;2.0;1.2;18;0;0
2026-09-11T17:56:31.803345231;2.0;1.2;18;0;0
2026-09-11T17:56:33.758144672;2.0;1.2;18;0;0
2026-09-11T17:56:35.701179066;2.0;1.2;18;0;0
2026-09-11T17:56:37.644564524;2.0;1.2;18;0;0
2026-09-11T17:56:39.588930234;2.0;1.2;18;0;0
2026-09-11T17:56:41.524509047;2.0;1.2;18;0;0
2026-09-11T17:56:43.471211639;2.0;1.2;18;0;0
2026-09-11T17:56:45.402876473;2.0;1.2;18;0;0
2026-09-11T17:56:47.335804603;2.0;1.2;18;0;0
2026-09-11T17:56:49.295504244;2.0;1.2;18;0;0
2026-09-11T17:56:51.239822818;2.0;1.2;18;0;0
2026-09-11T17:56:53.191464667;2.0;1.2;18;0;0
2026-09-11T17:56:55.148990389;2.0;1.2;18;0;0
2026-09-11T17:56:57.101473306;2.0;1.2;18;0;0
2026-09-11T17:56:58.503420259;2.0;1.2;18;0;0
2026-09-11T17:57:00.477163350;2.0;1.2;18;0;0
2026-09-11T17:57:02.430523231;2.0;1.2;18;0;0
2026-09-11T17:57:04.397405309;2.0;1.2;18;0;0
2026-09-11T17:57:05.696198116;2.0;1.2;18;0;0
2026-09-11T17:57:07.1949581;2.0;1.2;18;0;0
2026-09-11T17:57:08.958092173;2.0;1.2;18;0;0
2026-09-11T17:57:10.910650097;2.0;1.2;18;0;0
2026-09-11T17:57:12.880505794;2.0;1.2;18;0;0
2026-09-11T17:57:14.190636067;2.0;1.2;18;0;0
2026-09-11T17:57:16.139429460;2.0;1.2;18;0;0
2026-09-11T17:57:18.104686833;2.0;1.2;18;0;0
2026-09-11T17:57:20.40807307;2.0;1.2;18;0;0
2026-09-11T17:57:21.989908054;2.0;1.2;18;0;0
2026-09-11T17:57:24.637756566;2.0;1.2;18;0;0
2026-09-11T17:57:27.172766413;2.0;1.2;18;0;0
2026-09-11T17:57:29.197296010;2.0;1.2;18;0;0
2026-09-11T17:57:31.289076291;2.0;1.2;18;0;0
2026-09-11T17:57:33.389282796;2.0;1.2;18;0;0
2026-09-11T17:57:35.544176946;2.0;1.2;18;0;0
2026-09-11T17:57:37.554115337;2.0;1.2;18;0;0
2026-09-11T17:57:39.514892914;2.0;1.2;18;0;0
2026-09-11T17:57:41.507006818;2.0;1.2;18;0;0
2026-09-11T17:57:43.468164869;2.0;1.2;18;0;0
2026-09-11T17:57:45.432798286;2.0;1.2;18;0;0
2026-09-11T17:57:47.433187755;2.0;1.2;18;0;0
2026-09-11T17:57:49.448958270;2.0;1.2;18;0;0
2026-09-11T17:57:51.506032889;2.0;1.2;18;0;0
2026-09-11T17:57:53.547185296;2.0;1.2;18;0;0
2026-09-11T17:57:55.492020940;2.0;1.2;18;0;0
2026-09-11T17:57:57.450487494;2.0;1.2;18;0;0
2026-09-11T17:57:59.417240875;2.0;1.2;18;0;0
2026-09-11T17:58:01.388830699;2.0;1.2;18;0;0
2026-09-11T17:58:03.343177524;2.0;1.2;18;0;0
2026-09-11T17:58:05.363482753;2.0;1.2;18;0;0
2026-09-11T17:58:07.316919768;2.0;1.2;18;0;0
2026-09-11T17:58:08.759223273;2.0;1.2;18;0;0
2026-09-11T17:58:11.892404391;2.0;1.2;18;0;0
2026-09-11T17:58:13.959906856;2.0;1.2;18;0;0
2026-09-11T17:58:15.913826735;2.0;1.2;18;0;0
2026-09-11T17:58:17.941784684;2.0;1.2;18;0;0
2026-09-11T17:58:19.979189681;2.0;1.0;18;0;0
2026-09-11T17:58:22.205792379;2.0;1.0;18;0;0
2026-09-11T17:58:24.169335386;2.0;1.0;18;0;0
2026-09-11T17:58:26.143965719;2.0;1.0;18;0;0
2026-09-11T17:58:28.131266823;2.0;1.0;18;0;0
2026-09-11T17:58:29.398559051;2.0;1.0;18;0;0
2026-09-11T17:58:30.784799935;2.0;1.0;18;0;0
2026-09-11T17:58:33.183095709;2.0;1.0;18;0;0
2026-09-11T17:58:35.218008675;2.0;1.0;18;0;0
2026-09-11T17:58:37.229808203;2.0;1.0;18;0;0
2026-09-11T17:58:39.257100812;2.0;1.0;18;0;0
2026-09-11T17:58:41.222366660;2.0;1.0;18;0;0
2026-09-11T17:58:43.208182215;2.0;1.0;18;0;0
2026-09-11T17:58:45.234670305;2.0;1.0;18;0;0
2026-09-11T17:58:47.426316619;2.0;1.0;18;0;0
2026-09-11T17:58:49.600489509;2.0;1.0;18;0;0
2026-09-11T17:58:51.615001277;2.0;1.0;18;0;0
2026-09-11T17:58:53.646909842;2.0;1.0;18;0;0
2026-09-11T17:58:55.45880066;2.0;1.0;18;0;0
2026-09-11T17:58:57.48859808;2.0;1.0;18;0;0
2026-09-11T17:58:59.37061978;2.0;1.0;18;0;0
2026-09-11T17:59:01.50947795;2.0;1.0;18;0;0
2026-09-11T17:59:03.27865906;2.0;1.0;18;0;0
2026-09-11T17:59:05.43284774;2.0;1.0;18;0;0
2026-09-11T17:59:07.42136504;2.0;1.0;18;0;0
2026-09-11T17:59:08.999074828;2.0;1.0;18;0;0
2026-09-11T17:59:10.947204108;1.9;1.0;18;0;0
2026-09-11T17:59:12.892515511;1.9;1.0;18;0;0
2026-09-11T17:59:14.839108099;1.9;1.0;18;0;0
2026-09-11T17:59:16.795263162;1.9;1.0;18;0;0
2026-09-11T17:59:18.742235164;1.9;1.0;18;0;0
2026-09-11T17:59:20.695598396;1.9;1.0;18;0;0
2026-09-11T17:59:22.699645936;1.9;1.0;18;0;0
2026-09-11T17:59:24.696311490;1.9;1.0;18;0;0
2026-09-11T17:59:26.650134808;1.9;1.0;18;0;0
2026-09-11T17:59:28.586066615;1.9;1.0;18;0;0
2026-09-11T17:59:30.535557539;1.9;1.0;18;0;0
2026-09-11T17:59:32.478427271;1.9;1.0;18;0;0
2026-09-11T17:59:34.461093357;1.9;1.0;18;0;0
2026-09-11T17:59:36.412520451;1.9;1.0;18;0;0
2026-09-11T17:59:38.413821547;1.9;1.0;18;0;0
2026-09-11T17:59:39.742953520;1.9;1.0;18;0;0
2026-09-11T17:59:41.820495694;1.9;0.6;18;0;0
2026-09-11T17:59:43.900550668;1.9;0.6;18;0;0
2026-09-11T17:59:45.932357904;1.9;0.6;18;0;0
2026-09-11T17:59:48.35917000;1.9;0.6;18;0;0
2026-09-11T17:59:49.330424836;1.9;0.6;18;0;0
2026-09-11T17:59:51.289632639;1.9;0.6;18;0;0
2026-09-11T17:59:53.414048980;1.9;0.6;18;0;0
2026-09-11T17:59:55.574528574;1.9;0.6;18;0;0
2026-09-11T17:59:58.7221773;1.9;0.6;18;0;0
2026-09-11T18:00:00.295900825;1.9;0.6;18;0;0
2026-09-11T18:00:02.524919154;1.9;0.6;18;0;0
2026-09-11T18:00:04.580284253;1.9;0.6;18;0;0
2026-09-11T18:00:06.634985165;1.9;0.6;18;0;0
2026-09-11T18:00:08.859812876;1.9;0.6;18;0;0
2026-09-11T18:00:10.182209356;1.9;0.6;18;0;0
2026-09-11T18:00:12.168854148;1.9;0.6;18;0;0
2026-09-11T18:00:15.126266749;1.9;0.6;18;0;0
2026-09-11T18:00:17.95148012;1.9;0.6;18;0;0
2026-09-11T18:00:19.131852150;1.9;0.6;18;0;0
2026-09-11T18:00:21.187324136;1.9;0.6;18;0;0
2026-09-11T18:00:23.155244605;1.9;0.6;18;0;0
2026-09-11T18:00:25.177348099;1.9;0.6;18;0;0
2026-09-11T18:00:27.148803702;1.9;0.6;18;0;0
2026-09-11T18:00:29.184437347;1.9;0.6;18;0;0
2026-09-11T18:00:31.146670066;1.9;0.6;18;0;0
2026-09-11T18:00:33.88624210;1.9;0.6;18;0;0
2026-09-11T18:00:35.109570861;1.9;0.6;18;0;0
2026-09-11T18:00:37.47144785;1.9;0.6;18;0;0
2026-09-11T18:00:39.6752965;1.9;0.6;18;0;0
2026-09-11T18:00:40.294088041;1.9;0.6;18;0;0
2026-09-11T18:00:42.244916900;1.9;0.6;18;0;0
2026-09-11T18:00:44.210873957;1.9;0.6;18;0;0
2026-09-11T18:00:46.172148581;1.9;0.6;18;0;0
2026-09-11T18:00:48.131496046;1.9;0.6;18;0;0
2026-09-11T18:00:50.84967863;1.9;0.6;18;0;0
2026-09-11T18:00:52.63261653;1.9;0.6;18;0;0
2026-09-11T18:00:54.29498098;1.9;0.6;18;0;0
2026-09-11T18:00:55.972564999;1.9;0.6;18;0;0
2026-09-11T18:00:57.976341839;1.9;0.6;18;0;0
2026-09-11T18:00:59.952658763;1.9;0.6;18;0;0
2026-09-11T18:01:01.918470268;1.9;0.6;18;0;0
2026-09-11T18:01:03.923826711;1.9;0.6;18;0;0
2026-09-11T18:01:05.872744165;1.9;0.6;18;0;0
2026-09-11T18:01:07.933419139;1.9;0.6;18;0;0
2026-09-11T18:01:09.451280422;1.9;0.6;18;0;0
2026-09-11T18:01:11.460277822;1.9;0.6;18;0;0
2026-09-11T18:01:13.442967655;1.9;0.6;18;0;0
2026-09-11T18:01:15.397682212;1.9;0.6;18;0;0
2026-09-11T18:01:17.347377118;1.9;0.6;18;0;0
2026-09-11T18:01:19.296952664;1.9;0.6;18;0;0
2026-09-11T18:01:21.252219310;1.9;0.6;18;0;0
2026-09-11T18:01:22.592732675;1.9;0.6;18;0;0
2026-09-11T18:01:24.552534172;1.9;0.6;18;0;0
2026-09-11T18:01:26.514794550;1.9;0.6;18;0;0
2026-09-11T18:01:28.481523311;1.9;0.6;18;0;0
2026-09-11T18:01:29.766134604;1.9;0.6;18;0;0
2026-09-11T18:01:31.715426734;1.9;0.6;18;0;0
2026-09-11T18:01:33.681756158;1.9;0.6;18;0;0
2026-09-11T18:01:35.628805221;1.9;0.6;18;0;0
2026-09-11T18:01:37.577207172;1.9;0.6;18;0;0
2026-09-11T18:01:39.565055714;1.9;0.6;18;0;0
2026-09-11T18:01:41.512222023;1.9;0.6;18;0;0
2026-09-11T18:01:43.478697351;1.9;0.6;18;0;0
2026-09-11T18:01:45.408624128;1.9;0.6;18;0;0
2026-09-11T18:01:47.358062776;1.9;0.6;18;0;0
2026-09-11T18:01:49.301658861;1.9;0.6;18;0;0
2026-09-11T18:01:51.259460261;1.9;0.6;18;0;0
2026-09-11T18:01:53.205854018;1.9;0.6;18;0;0
2026-09-11T18:01:55.147034489;1.9;0.6;18;0;0
2026-09-11T18:01:57.106345883;1.9;0.6;18;0;0
2026-09-11T18:01:59.45734243;1.9;0.6;18;0;0
2026-09-11T18:02:01.8779652;1.9;0.6;18;0;0
2026-09-11T18:02:03.40738959;1.9;0.6;18;0;0
2026-09-11T18:02:05.25716288;1.9;0.6;18;0;0
2026-09-11T18:02:06.983359013;1.9;0.6;18;0;0
2026-09-11T18:02:08.950183235;1.9;0.6;18;0;0
2026-09-11T18:02:10.897063470;1.9;0.6;18;0;0
2026-09-11T18:02:12.879696806;1.9;0.6;18;0;0
2026-09-11T18:02:14.850312531;1.9;0.6;18;0;0
2026-09-11T18:02:16.815950222;1.9;0.6;18;0;0
2026-09-11T18:02:18.110949762;1.9;0.6;18;0;0
2026-09-11T18:02:20.85977484;1.9;0.6;18;0;0
2026-09-11T18:02:22.147056595;1.8;0.6;18;0;0
2026-09-11T18:02:24.240034788;1.8;0.6;18;0;0
2026-09-11T18:02:26.417638128;1.8;0.6;18;0;0
2026-09-11T18:02:27.779604407;1.8;0.6;18;0;0
2026-09-11T18:02:29.770184398;1.8;0.6;18;0;0
2026-09-11T18:02:31.780582672;1.8;0.6;18;0;0
2026-09-11T18:02:33.871883074;1.8;0.6;18;0;0
2026-09-11T18:02:35.834981178;1.8;0.6;18;0;0
2026-09-11T18:02:37.962366174;1.8;0.6;18;0;0
2026-09-11T18:02:39.977641107;1.8;0.6;18;0;0
2026-09-11T18:02:41.998316789;1.8;0.6;18;0;0
2026-09-11T18:02:43.978677797;1.8;0.6;18;0;0
2026-09-11T18:02:46.60083603;1.8;0.6;18;0;0
2026-09-11T18:02:48.127469382;1.8;0.6;18;0;0
2026-09-11T18:02:49.440937591;1.8;0.6;18;0;0
2026-09-11T18:02:51.386538833;1.8;0.6;18;0;0
2026-09-11T18:02:53.407549319;1.8;0.6;18;0;0
2026-09-11T18:02:55.365735587;1.8;0.6;18;0;0
2026-09-11T18:02:57.315250866;1.8;0.6;18;0;0
2026-09-11T18:02:59.270400596;1.8;0.6;18;0;0
2026-09-11T18:03:01.222271744;1.8;0.6;18;0;0
2026-09-11T18:03:03.194010561;1.8;0.6;18;0;0
2026-09-11T18:03:05.166422865;1.8;0.6;18;0;0
2026-09-11T18:03:07.138918296;1.8;0.6;18;0;0
2026-09-11T18:03:09.308690597;1.8;0.6;18;0;0
2026-09-11T18:03:11.270843856;1.8;0.6;18;0;0
2026-09-11T18:03:13.267678931;1.8;0.6;18;0;0
2026-09-11T18:03:15.236639236;1.8;0.6;18;0;0
2026-09-11T18:03:17.218010415;1.8;0.6;18;0;0
2026-09-11T18:03:19.260449037;1.8;0.6;18;0;0
2026-09-11T18:03:21.248537932;1.8;0.6;18;0;0
2026-09-11T18:03:23.362784863;1.8;0.6;18;0;0
2026-09-11T18:03:25.895266853;1.8;0.6;18;0;0
2026-09-11T18:03:28.379192844;1.8;0.6;18;0;0
2026-09-11T18:03:30.489111657;1.8;0.6;18;0;0
2026-09-11T18:03:32.560230851;1.8;0.6;18;0;0
2026-09-11T18:03:35.123565014;1.8;0.6;18;0;0
2026-09-11T18:03:36.470861118;1.8;0.6;18;0;0
2026-09-11T18:03:38.450808745;1.8;0.6;18;0;0
2026-09-11T18:03:40.446669889;1.8;0.6;18;0;0
2026-09-11T18:03:42.410895850;1.8;0.6;18;0;0
2026-09-11T18:03:43.715807530;1.8;0.6;18;0;0
2026-09-11T18:03:45.718167190;1.8;0.6;18;0;0
2026-09-11T18:03:47.685293092;1.8;0.6;18;0;0
2026-09-11T18:03:49.714873717;1.8;0.6;18;0;0
2026-09-11T18:03:51.679643636;1.8;0.6;18;0;0
2026-09-11T18:03:53.692258548;1.8;0.6;18;0;0
2026-09-11T18:03:55.689470371;1.8;0.6;18;0;0
2026-09-11T18:03:57.660754788;1.8;0.6;18;0;0
2026-09-11T18:03:59.625118870;1.8;0.6;18;0;0
2026-09-11T18:04:01.582811567;1.8;0.6;18;0;0
2026-09-11T18:04:03.540109303;1.8;0.6;18;0;0
2026-09-11T18:04:05.486507258;1.8;0.6;18;0;0
2026-09-11T18:04:07.445869081;1.8;0.6;18;0;0
2026-09-11T18:04:09.418021184;1.8;0.6;18;0;0
2026-09-11T18:04:11.372754026;1.8;0.6;18;0;0
2026-09-11T18:04:12.782449280;1.8;0.6;18;0;0
2026-09-11T18:04:14.776453890;1.8;0.6;18;0;0
2026-09-11T18:04:16.805301533;1.8;0.6;18;0;0
2026-09-11T18:04:18.824546265;1.8;0.6;18;0;0
2026-09-11T18:04:20.787105945;1.8;0.6;18;0;0
2026-09-11T18:04:22.750558908;1.8;0.6;18;0;0
2026-09-11T18:04:24.731572967;1.8;0.6;18;0;0
2026-09-11T18:04:26.66120634;1.8;0.6;18;0;0
2026-09-11T18:04:28.18870105;1.8;0.6;18;0;0
2026-09-11T18:04:30.1120436;1.8;0.6;18;0;0
2026-09-11T18:04:31.967575464;1.8;0.6;18;0;0
2026-09-11T18:04:33.408816073;1.8;0.6;18;0;0
2026-09-11T18:04:35.410125673;1.8;0.6;18;0;0
2026-09-11T18:04:37.383282475;1.8;0.6;18;0;0
2026-09-11T18:04:39.346414341;1.8;0.6;18;0;0
2026-09-11T18:04:41.363581693;1.8;0.6;18;0;0
2026-09-11T18:04:43.363118960;1.8;0.6;18;0;0
2026-09-11T18:04:45.351009540;1.8;0.6;18;0;0
2026-09-11T18:04:46.688754003;1.8;0.6;18;0;0
2026-09-11T18:04:48.637440549;1.8;0.6;18;0;0
2026-09-11T18:04:50.613283244;1.8;0.6;18;0;0
2026-09-11T18:04:52.607377390;1.8;0.6;18;0;0
2026-09-11T18:04:53.951313092;1.8;0.6;18;0;0
2026-09-11T18:04:55.923272244;1.8;0.6;18;0;0
2026-09-11T18:04:57.964503225;1.8;0.6;18;0;0
2026-09-11T18:05:00.138711980;1.8;0.6;18;1;69
2026-09-11T18:05:01.238112462;1.8;0.7;18;0;0
2026-09-11T18:05:02.915961596;1.8;0.7;18;0;69
2026-09-11T18:05:04.44528991;1.8;0.7;18;0;69
2026-09-11T18:05:05.227842659;1.8;0.7;18;0;69
2026-09-11T18:05:06.745721642;1.8;0.7;18;0;69
2026-09-11T18:05:08.83874861;1.8;0.7;18;0;69
2026-09-11T18:05:09.243123818;1.8;0.7;18;0;69
2026-09-11T18:05:10.448294787;1.8;0.7;18;0;69
2026-09-11T18:05:12.263292990;1.8;0.7;18;4;1813
2026-09-11T18:05:13.674407671;1.8;0.7;18;6;1813
2026-09-11T18:05:14.834514038;1.8;0.7;18;7;1813
2026-09-11T18:05:15.987711518;1.8;0.7;18;0;1813
2026-09-11T18:05:17.206243402;1.8;0.7;18;0;2299
2026-09-11T18:05:19.451530793;1.8;0.7;18;0;2299
2026-09-11T18:05:22.891968962;1.8;0.5;18;0;2309
2026-09-11T18:05:25.627611713;1.8;0.7;18;0;2315
2026-09-11T18:05:27.74321774;1.8;1.0;18;0;2315
2026-09-11T18:05:28.297570300;1.8;1.0;18;57;2325
2026-09-11T18:05:29.513674626;1.8;1.0;18;85;2327
2026-09-11T18:05:30.823707542;1.8;1.0;18;27;2327
2026-09-11T18:05:32.124716782;1.8;1.0;18;0;2327
2026-09-11T18:05:33.243905580;1.8;1.0;18;0;2327
2026-09-11T18:05:34.352660114;1.8;1.0;18;0;2327
2026-09-11T18:05:35.542616629;1.8;1.0;18;0;2327
2026-09-11T18:05:36.740714589;1.8;1.0;18;0;2327
2026-09-11T18:05:38.28690174;1.8;1.0;18;0;2327
2026-09-11T18:05:39.312285093;1.8;1.0;18;0;2327
2026-09-11T18:05:40.411179367;1.8;1.0;18;0;2327
2026-09-11T18:05:41.618466538;1.8;1.0;18;0;2327
2026-09-11T18:05:42.754513781;1.8;1.0;18;0;2327
2026-09-11T18:05:43.828336711;1.8;1.0;18;0;2327
2026-09-11T18:05:44.896173367;1.8;1.0;18;0;2327
2026-09-11T18:05:45.985672697;1.8;1.0;18;0;2327
2026-09-11T18:05:47.58201599;1.8;1.0;18;0;2327
2026-09-11T18:05:48.123502037;1.8;1.0;18;0;2327
2026-09-11T18:05:49.191003231;1.8;1.0;18;0;2327
2026-09-11T18:05:50.269742239;1.8;1.0;18;0;2327
2026-09-11T18:05:51.436432710;1.8;1.0;18;0;2327
2026-09-11T18:05:52.521518613;1.8;1.0;18;0;2327
2026-09-11T18:05:53.618427679;1.8;1.0;18;0;2327
2026-09-11T18:05:54.693369615;1.8;1.0;18;0;2327
2026-09-11T18:05:55.767561688;1.8;1.0;18;0;2327
2026-09-11T18:05:56.841731636;1.8;1.0;18;0;2327
2026-09-11T18:05:57.924557423;1.8;1.0;18;0;2327
2026-09-11T18:05:58.988581842;1.8;1.0;18;0;2327
2026-09-11T18:06:00.91231309;1.8;1.0;18;0;2327
2026-09-11T18:06:01.155744849;1.8;1.0;18;0;2327
2026-09-11T18:06:02.218480517;1.8;1.0;18;0;2327
2026-09-11T18:06:03.285807841;1.8;1.0;18;0;2327
2026-09-11T18:06:04.362649780;1.8;1.0;18;0;2327
2026-09-11T18:06:05.433158244;1.8;1.0;18;0;2327
2026-09-11T18:06:06.510562303;1.8;1.0;18;0;2327
2026-09-11T18:06:07.594984644;1.8;1.0;18;0;2327
2026-09-11T18:06:08.689321114;1.8;1.0;18;0;2327
2026-09-11T18:06:09.767980397;1.8;1.0;18;0;2327
2026-09-11T18:06:10.874258096;1.8;1.0;18;0;2327
2026-09-11T18:06:12.9874885;1.8;1.0;18;0;2327
2026-09-11T18:06:13.177054606;1.8;1.0;18;0;2327
2026-09-11T18:06:14.242830419;1.8;1.0;18;0;2327
2026-09-11T18:06:15.337437963;1.8;1.0;18;0;2327
2026-09-11T18:06:16.558461017;1.8;1.0;18;0;2327
2026-09-11T18:06:17.649848660;1.8;1.0;18;0;2327
2026-09-11T18:06:18.740412525;1.8;1.0;18;0;2327
2026-09-11T18:06:19.814954943;1.8;1.0;18;0;2327
2026-09-11T18:06:20.884165469;1.8;1.0;18;0;2327
2026-09-11T18:06:21.948341276;1.8;1.0;18;0;2327
2026-09-11T18:06:23.38024573;1.8;1.0;18;0;2327
2026-09-11T18:06:24.117800404;1.8;1.0;18;0;2327
2026-09-11T18:06:25.202637974;1.8;1.0;18;0;2327
2026-09-11T18:06:26.266986678;1.8;1.0;18;0;2327
2026-09-11T18:06:27.334014779;1.8;1.0;18;0;2327
2026-09-11T18:06:28.410816425;1.8;1.0;18;0;2327
2026-09-11T18:06:29.509845149;1.8;1.0;18;0;2327
2026-09-11T18:06:30.591871328;1.8;1.0;18;0;2327
2026-09-11T18:06:31.686102995;1.8;1.0;18;0;2327
2026-09-11T18:06:32.758991337;1.8;1.0;18;0;2327
2026-09-11T18:06:33.826827576;1.8;1.0;18;0;2327
2026-09-11T18:06:34.898880664;1.8;1.0;18;0;2327
2026-09-11T18:06:36.8669958;1.8;1.0;18;0;2327
2026-09-11T18:06:37.83730824;1.8;1.0;18;0;2327
2026-09-11T18:06:38.192029708;1.8;1.0;18;0;2327
2026-09-11T18:06:39.275290088;1.8;1.0;18;0;2327
2026-09-11T18:06:40.343256560;1.8;1.0;18;0;2327
2026-09-11T18:06:41.413858311;1.8;1.0;18;0;2327
2026-09-11T18:06:42.478891976;1.8;1.0;18;0;2327
2026-09-11T18:06:43.544567758;1.8;1.0;18;0;2327
2026-09-11T18:06:44.614385009;1.8;1.0;18;0;2327
2026-09-11T18:06:45.699471732;1.8;1.0;18;0;2327
2026-09-11T18:06:46.767203736;1.8;1.0;18;0;2327
2026-09-11T18:06:47.842305171;1.8;1.0;18;0;2327
2026-09-11T18:06:48.991939046;1.8;1.0;18;0;2327
2026-09-11T18:06:50.216431985;1.8;1.0;18;0;2327
2026-09-11T18:06:51.300819125;1.8;1.0;18;0;2327
2026-09-11T18:06:52.509723997;1.8;1.0;18;0;2327
2026-09-11T18:06:53.597306137;1.8;1.0;18;0;2327
2026-09-11T18:06:54.667200145;1.8;1.0;18;0;2327
2026-09-11T18:06:55.761203447;1.8;1.0;18;0;2327
2026-09-11T18:06:56.863788491;1.8;1.0;18;0;2327
2026-09-11T18:06:57.947509721;1.8;1.0;18;0;2327
2026-09-11T18:06:59.96197961;1.8;1.0;18;0;2327
2026-09-11T18:07:00.165442025;1.8;1.0;18;0;2327
2026-09-11T18:07:01.357411436;1.8;1.0;18;0;2327
2026-09-11T18:07:02.513843303;1.8;1.0;18;0;2327
2026-09-11T18:07:03.691023233;1.8;1.0;18;0;2327
2026-09-11T18:07:04.824189654;1.8;1.0;18;0;2327
2026-09-11T18:07:05.956872210;1.8;1.0;18;0;2327
2026-09-11T18:07:07.37203280;1.8;1.0;18;0;2327
2026-09-11T18:07:08.106584330;1.8;1.0;18;0;2327
2026-09-11T18:07:09.218163274;1.8;1.0;18;0;2327
2026-09-11T18:07:10.287241674;1.8;1.0;18;0;2327
2026-09-11T18:07:11.362568837;1.8;1.0;18;0;2327
2026-09-11T18:07:12.455084173;1.8;1.0;18;0;2327
2026-09-11T18:07:13.549848146;1.8;1.0;18;0;2327
2026-09-11T18:07:14.630694862;1.8;1.0;18;0;2327
2026-09-11T18:07:15.762614572;1.8;1.0;18;0;2327
2026-09-11T18:07:16.868706303;1.8;1.0;18;0;2327
2026-09-11T18:07:17.943113522;1.8;1.0;18;0;2327
2026-09-11T18:07:19.17939200;1.8;1.0;18;0;2327
2026-09-11T18:07:20.99207545;1.8;1.0;18;0;2327
2026-09-11T18:07:21.453559557;1.8;1.0;18;0;2327
2026-09-11T18:07:22.519928021;1.8;1.0;18;0;2327
2026-09-11T18:07:23.596931668;1.8;1.0;18;0;2327
2026-09-11T18:07:24.664054148;1.8;1.0;18;0;2327
2026-09-11T18:07:25.731396565;1.8;1.0;18;0;2327
2026-09-11T18:07:26.803655781;1.8;1.0;18;0;2327
2026-09-11T18:07:27.898291632;1.8;1.0;18;0;2327
2026-09-11T18:07:29.13530998;1.8;1.0;18;0;2327
2026-09-11T18:07:30.87519292;1.8;1.0;18;0;2327
2026-09-11T18:07:31.166834310;1.8;1.0;18;0;2327
2026-09-11T18:07:32.242439296;1.8;1.0;18;0;2327
2026-09-11T18:07:33.305863664;1.8;1.0;18;0;2327
2026-09-11T18:07:34.371829716;1.8;1.0;18;0;2327
2026-09-11T18:07:35.439382290;1.8;1.0;18;0;2327
2026-09-11T18:07:36.505739998;1.8;1.0;18;0;2327
2026-09-11T18:07:37.578921104;1.8;1.0;18;0;2327
2026-09-11T18:07:38.652233964;1.8;1.0;18;0;2327
2026-09-11T18:07:39.731986766;1.8;1.0;18;0;2327
2026-09-11T18:07:40.802401092;1.8;1.0;18;0;2327
2026-09-11T18:07:41.868611965;1.8;1.0;18;0;2327
2026-09-11T18:07:42.953651047;1.8;1.0;18;0;2327
2026-09-11T18:07:44.18084639;1.8;1.0;18;0;2327
2026-09-11T18:07:45.85339529;1.8;1.0;18;0;2327
2026-09-11T18:07:46.154513653;1.8;1.0;18;0;2327
2026-09-11T18:07:47.221593184;1.8;1.0;18;0;2327
2026-09-11T18:07:48.290331573;1.8;1.0;18;0;2327
2026-09-11T18:07:49.384796064;1.8;1.0;18;0;2327
2026-09-11T18:07:50.451226107;1.8;1.0;18;0;2327
2026-09-11T18:07:51.577414869;1.8;1.0;18;0;2327
2026-09-11T18:07:52.649727313;1.8;1.0;18;0;2327
2026-09-11T18:07:53.720774558;1.8;1.0;18;0;2327
2026-09-11T18:07:54.797631279;1.8;1.0;18;0;2327
2026-09-11T18:07:55.871715001;1.8;1.0;18;0;2327
2026-09-11T18:07:56.953024741;1.8;1.0;18;0;2327
2026-09-11T18:07:58.37348457;1.8;1.0;18;0;2327
2026-09-11T18:07:59.119705931;1.8;0.9;18;0;2327
2026-09-11T18:08:00.204660855;1.8;0.9;18;0;2327
2026-09-11T18:08:01.275930753;1.8;0.9;18;0;2327
2026-09-11T18:08:02.381395012;1.8;0.9;18;0;2327
2026-09-11T18:08:03.454224377;1.8;0.9;18;0;2327
2026-09-11T18:08:04.519554272;1.8;0.9;18;0;2327
2026-09-11T18:08:05.599789943;1.8;0.9;18;0;2327
2026-09-11T18:08:06.674845064;1.8;0.9;18;0;2327
2026-09-11T18:08:07.739205021;1.8;0.9;18;0;2327
2026-09-11T18:08:08.819366626;1.8;0.9;18;0;2327
2026-09-11T18:08:09.885110909;1.8;0.9;18;0;2327
2026-09-11T18:08:10.957999934;1.8;0.9;18;0;2327
2026-09-11T18:08:12.22972272;1.8;0.9;18;0;2327
2026-09-11T18:08:13.103936205;1.8;0.9;18;0;2327
2026-09-11T18:08:14.170047736;1.8;0.9;18;0;2327
2026-09-11T18:08:15.238182465;1.8;0.9;18;0;2327
2026-09-11T18:08:16.310039822;1.8;0.9;18;0;2327
2026-09-11T18:08:17.384888803;1.8;0.9;18;0;2327
2026-09-11T18:08:18.455837420;1.8;0.9;18;0;2327
2026-09-11T18:08:19.522837187;1.8;0.9;18;0;2327
2026-09-11T18:08:20.601899730;1.8;0.9;18;0;2327
2026-09-11T18:08:21.681516219;1.8;0.9;18;0;2327
2026-09-11T18:08:22.753814511;1.8;0.9;18;0;2327
2026-09-11T18:08:23.830784720;1.8;0.9;18;0;2327
2026-09-11T18:08:24.976060126;1.8;0.9;18;0;2327
2026-09-11T18:08:26.54904525;1.8;0.9;18;0;2327
2026-09-11T18:08:27.126156628;1.8;0.9;18;0;2327
2026-09-11T18:08:28.196817277;1.8;0.9;18;0;2327
2026-09-11T18:08:29.274636638;1.8;0.9;18;0;2327
2026-09-11T18:08:30.357015349;1.8;0.9;18;0;2327
2026-09-11T18:08:31.422211216;1.8;0.9;18;0;2327
2026-09-11T18:08:32.489525894;1.8;0.9;18;0;2327
2026-09-11T18:08:33.618597563;1.8;0.9;18;0;2327
2026-09-11T18:08:34.696162923;1.8;0.9;18;0;2327
2026-09-11T18:08:35.765608519;1.8;0.9;18;0;2327
2026-09-11T18:08:36.854095969;1.8;0.9;18;0;2327
2026-09-11T18:08:38.26109886;1.8;0.9;18;0;2327
2026-09-11T18:08:39.371523614;1.8;0.9;18;0;2327
2026-09-11T18:08:40.649464492;1.8;0.9;18;0;2327
2026-09-11T18:08:42.70560679;1.8;0.9;18;0;2327
2026-09-11T18:08:43.178210476;1.8;0.9;18;0;2327
2026-09-11T18:08:44.268956983;1.8;0.9;18;0;2327
2026-09-11T18:08:45.338338844;1.8;0.9;18;0;2327
2026-09-11T18:08:46.409150800;1.8;0.9;18;0;2327
2026-09-11T18:08:47.479210389;1.8;0.9;18;0;2327
2026-09-11T18:08:48.579166216;1.8;0.9;18;0;2327
2026-09-11T18:08:49.644182583;1.8;0.9;18;0;2327
2026-09-11T18:08:50.730921092;1.8;0.9;18;0;2327
2026-09-11T18:08:51.802254837;1.8;0.9;18;0;2327
2026-09-11T18:08:52.872462961;1.8;0.9;18;0;2327
2026-09-11T18:08:53.962954836;1.7;0.9;18;0;2327
2026-09-11T18:08:55.27514576;1.7;0.9;18;0;2327
2026-09-11T18:08:56.134188450;1.7;0.9;18;0;2327
2026-09-11T18:08:57.202009726;1.7;0.9;18;0;2327
2026-09-11T18:08:58.276661428;1.7;0.9;18;0;2327
2026-09-11T18:08:59.350439703;1.7;0.9;18;0;2327
2026-09-11T18:09:00.422534445;1.7;0.9;18;0;2327
2026-09-11T18:09:01.494423057;1.7;0.9;18;0;2327
2026-09-11T18:09:02.574632189;1.7;0.9;18;0;2327
2026-09-11T18:09:03.646789640;1.7;0.9;18;0;2327
2026-09-11T18:09:04.716832096;1.7;0.9;18;0;2327
2026-09-11T18:09:05.788145929;1.7;0.9;18;0;2327
2026-09-11T18:09:06.856390829;1.7;0.9;18;0;2327
2026-09-11T18:09:07.917433081;1.7;0.9;18;0;2327
2026-09-11T18:09:08.988736201;1.7;0.9;18;0;2327
2026-09-11T18:09:10.60288355;1.7;0.9;18;0;2327
2026-09-11T18:09:11.128859246;1.7;0.9;18;0;2327
2026-09-11T18:09:12.212793698;1.7;0.9;18;0;2327
2026-09-11T18:09:13.305125911;1.7;0.9;18;0;2327
2026-09-11T18:09:14.373061707;1.7;0.9;18;0;2327
2026-09-11T18:09:15.437054020;1.7;0.9;18;0;2327
2026-09-11T18:09:16.506949483;1.7;0.9;18;0;2327
2026-09-11T18:09:17.595906369;1.7;0.9;18;0;2327
2026-09-11T18:09:18.671191889;1.7;0.9;18;0;2327
2026-09-11T18:09:19.752963748;1.7;0.9;18;0;2327
2026-09-11T18:09:20.848025010;1.7;0.9;18;0;2327
2026-09-11T18:09:21.911466610;1.7;0.9;18;0;2327
2026-09-11T18:09:22.976873863;1.7;0.9;18;0;2327
2026-09-11T18:09:24.78339322;1.7;0.9;18;0;2327
2026-09-11T18:09:25.144121303;1.7;0.9;18;0;2327
2026-09-11T18:09:26.208996574;1.7;0.9;18;0;2327
2026-09-11T18:09:27.284342554;1.7;0.9;18;0;2327
2026-09-11T18:09:28.357195191;1.7;0.9;18;0;2327
2026-09-11T18:09:29.431608776;1.7;0.9;18;0;2327
2026-09-11T18:09:30.502765133;1.7;0.9;18;0;2327
2026-09-11T18:09:31.586055777;1.7;0.9;18;0;2327
2026-09-11T18:09:32.659046363;1.7;0.9;18;0;2327
2026-09-11T18:09:33.724264997;1.7;0.9;18;0;2327
2026-09-11T18:09:34.799135576;1.7;0.9;18;0;2327
2026-09-11T18:09:35.867478483;1.7;0.9;18;0;2327
2026-09-11T18:09:36.937083530;1.7;0.9;18;0;2327
2026-09-11T18:09:38.12718728;1.7;0.9;18;0;2327
2026-09-11T18:09:39.93240210;1.7;0.9;18;0;2327
2026-09-11T18:09:40.162894919;1.7;0.9;18;0;2327
2026-09-11T18:09:41.228509705;1.7;0.9;18;0;2327
2026-09-11T18:09:42.310694183;1.7;0.9;18;0;2327
2026-09-11T18:09:43.382039431;1.7;0.9;18;0;2327
2026-09-11T18:09:44.452407380;1.7;0.9;18;0;2327
2026-09-11T18:09:45.534075454;1.7;0.9;18;0;2327
2026-09-11T18:09:46.613028618;1.7;0.9;18;0;2327
2026-09-11T18:09:47.706910669;1.7;0.9;18;0;2327
2026-09-11T18:09:48.778519783;1.7;0.9;18;0;2327
2026-09-11T18:09:49.861514822;1.7;0.9;18;0;2327
2026-09-11T18:09:50.937627315;1.7;0.9;18;0;2327
2026-09-11T18:09:52.11809328;1.7;0.9;18;0;2327
2026-09-11T18:09:53.96644328;1.7;0.9;18;0;2327
2026-09-11T18:09:54.177045724;1.7;0.9;18;0;2327
2026-09-11T18:09:55.279212341;1.7;0.9;18;0;2327
2026-09-11T18:09:56.353618256;1.7;0.9;18;0;2327
2026-09-11T18:09:57.443719812;1.7;0.9;18;0;2327
2026-09-11T18:09:58.513607477;1.7;0.9;18;0;2327
2026-09-11T18:09:59.648329268;1.7;0.6;18;0;2327
2026-09-11T18:10:00.777875979;1.7;0.6;18;0;2327
2026-09-11T18:10:01.872265303;1.7;0.6;18;0;2327
2026-09-11T18:10:02.952504733;1.7;0.6;18;0;2327
2026-09-11T18:10:04.149508298;1.7;0.6;18;0;2327
2026-09-11T18:10:05.234200593;1.7;0.6;18;0;2327
2026-09-11T18:10:06.365081076;1.7;0.6;18;0;2327
2026-09-11T18:10:07.545266056;1.7;0.6;18;0;2327
2026-09-11T18:10:08.635831057;1.7;0.6;18;0;2327
2026-09-11T18:10:09.834748730;1.7;0.6;18;0;2327
2026-09-11T18:10:10.916685766;1.7;0.6;18;0;2327
2026-09-11T18:10:12.456442;1.7;0.6;18;0;2327
2026-09-11T18:10:13.76772860;1.7;0.6;18;0;2327
2026-09-11T18:10:14.149961495;1.7;0.6;18;0;2327
2026-09-11T18:10:15.226050496;1.7;0.6;18;0;2327
2026-09-11T18:10:16.302543059;1.7;0.6;18;0;2327
2026-09-11T18:10:17.379243025;1.7;0.6;18;0;2327
2026-09-11T18:10:18.556565309;1.7;0.6;18;0;2327
2026-09-11T18:10:19.672747299;1.7;0.6;18;0;2327
2026-09-11T18:10:21.182314419;1.7;0.6;18;0;2327
2026-09-11T18:10:23.396580789;1.7;0.6;18;0;2327
2026-09-11T18:10:25.106415098;1.7;0.6;18;0;2327
2026-09-11T18:10:26.712863588;1.7;0.6;18;0;2327
2026-09-11T18:10:28.323128135;1.7;0.6;18;49;2327
2026-09-11T18:10:29.797596881;1.7;0.6;18;0;2327
2026-09-11T18:10:30.947214695;1.7;0.6;18;0;2327
2026-09-11T18:10:32.24865286;1.7;0.6;18;0;2327
2026-09-11T18:10:33.104891504;1.7;0.6;18;0;2327
2026-09-11T18:10:34.356260607;1.7;0.6;18;0;2327
2026-09-11T18:10:35.460710415;1.7;0.6;18;0;2327
2026-09-11T18:10:36.563993626;1.7;0.6;18;0;2327
2026-09-11T18:10:38.138017021;1.7;0.6;18;0;2327
2026-09-11T18:10:39.410025582;1.7;0.6;18;0;2327
2026-09-11T18:10:40.520649055;1.7;0.6;18;0;2327
2026-09-11T18:10:41.627440745;1.7;0.6;18;0;2327
2026-09-11T18:10:42.806227123;1.7;0.6;18;0;2327
2026-09-11T18:10:43.878102752;1.7;0.6;18;0;2327
2026-09-11T18:10:44.967077987;1.7;0.6;18;0;2327
2026-09-11T18:10:46.62317838;1.7;0.6;18;0;2327
2026-09-11T18:10:47.134730696;1.7;0.6;18;0;2327
2026-09-11T18:10:48.208173222;1.7;0.6;18;0;2327
2026-09-11T18:10:49.317206946;1.7;0.6;18;0;2327
2026-09-11T18:10:50.412836043;1.7;0.6;18;0;2327
2026-09-11T18:10:51.501999803;1.7;0.6;18;0;2327
2026-09-11T18:10:52.582169544;1.7;0.6;18;0;2327
2026-09-11T18:10:53.867013399;1.7;0.6;18;0;2327
2026-09-11T18:10:54.951970241;1.7;0.6;18;0;2327
2026-09-11T18:10:56.70852759;1.7;0.6;18;0;2327
2026-09-11T18:10:57.158653586;1.7;0.6;18;0;2327
2026-09-11T18:10:58.314954555;1.7;0.6;18;0;2327
2026-09-11T18:10:59.383518180;1.7;0.6;18;0;2327
2026-09-11T18:11:00.451542345;1.7;0.6;18;0;2327
2026-09-11T18:11:01.529162172;1.7;0.6;18;0;2327
2026-09-11T18:11:02.610429614;1.7;0.6;18;0;2327
2026-09-11T18:11:03.679607945;1.7;0.6;18;0;2327
2026-09-11T18:11:04.752354529;1.7;0.6;18;0;2327
2026-09-11T18:11:05.831248071;1.7;0.6;18;0;2327
2026-09-11T18:11:06.922230277;1.7;0.6;18;0;2327
2026-09-11T18:11:07.993774330;1.7;0.6;18;0;2327
2026-09-11T18:11:09.95554946;1.7;0.6;18;0;2327
2026-09-11T18:11:10.276438837;1.7;0.6;18;0;2327
2026-09-11T18:11:11.470052388;1.7;0.6;18;0;2327
2026-09-11T18:11:12.718763734;1.7;0.6;18;0;2327
2026-09-11T18:11:13.810099898;1.7;0.6;18;0;2327
2026-09-11T18:11:14.881313606;1.7;0.6;18;0;2327
2026-09-11T18:11:15.947243071;1.7;0.6;18;0;2327
2026-09-11T18:11:17.17476941;1.7;0.6;18;0;2327
2026-09-11T18:11:18.90479496;1.7;0.6;18;0;2327
2026-09-11T18:11:19.178192812;1.7;0.6;18;0;2327
2026-09-11T18:11:20.268815633;1.7;0.6;18;0;2327
2026-09-11T18:11:21.339198099;1.7;0.6;18;0;2327
2026-09-11T18:11:22.427054576;1.7;0.6;18;0;2327
2026-09-11T18:11:23.516054852;1.7;0.6;18;0;2327
2026-09-11T18:11:24.611434334;1.7;0.6;18;0;2327
2026-09-11T18:11:25.689719618;1.7;0.6;18;0;2327
2026-09-11T18:11:26.770944993;1.7;0.6;18;0;2327
2026-09-11T18:11:27.836592037;1.7;0.6;18;0;2327
2026-09-11T18:11:28.914640421;1.7;0.6;18;0;2327
2026-09-11T18:11:29.991661619;1.7;0.6;18;0;2327
2026-09-11T18:11:31.64971276;1.7;0.6;18;0;2327
2026-09-11T18:11:32.136542155;1.7;0.6;18;0;2327
2026-09-11T18:11:33.214507452;1.7;0.6;18;0;2327
2026-09-11T18:11:34.296454065;1.7;0.6;18;0;2327
2026-09-11T18:11:35.362633480;1.7;0.6;18;0;2327
2026-09-11T18:11:36.443711621;1.7;0.6;18;0;2327
2026-09-11T18:11:37.529064310;1.7;0.6;18;0;2327
2026-09-11T18:11:39.21901923;1.7;0.6;18;0;2327
2026-09-11T18:11:40.476334157;1.7;0.6;18;0;2327
2026-09-11T18:11:41.799838038;1.7;0.6;18;0;2327
2026-09-11T18:11:44.412054615;1.7;0.6;18;0;2327
2026-09-11T18:11:45.529713912;1.7;0.6;18;0;2327
2026-09-11T18:11:46.795576720;1.7;0.6;18;0;2327
2026-09-11T18:11:48.177730928;1.7;0.6;18;0;2327
2026-09-11T18:11:49.285409583;1.7;0.6;18;0;2327
2026-09-11T18:11:50.517019937;1.7;0.6;18;0;2327
2026-09-11T18:11:51.654527728;1.7;0.6;18;0;2327
2026-09-11T18:11:52.806745656;1.7;0.6;18;0;2327
2026-09-11T18:11:53.896890730;1.7;0.6;18;0;2327
2026-09-11T18:11:54.978913635;1.7;0.6;18;0;2327
2026-09-11T18:11:56.52761180;1.7;0.6;18;0;2327
2026-09-11T18:11:57.156749649;1.7;0.6;18;0;2327
2026-09-11T18:11:58.228234630;1.7;0.6;18;0;2327
2026-09-11T18:11:59.311942027;1.7;0.6;18;0;2327
2026-09-11T18:12:00.389154606;1.7;0.6;18;0;2327
2026-09-11T18:12:01.456116964;1.7;0.6;18;0;2327
2026-09-11T18:12:02.536795251;1.7;0.6;18;0;2327
2026-09-11T18:12:03.615662067;1.7;0.6;18;0;2327
2026-09-11T18:12:04.683317319;1.7;0.6;18;0;2327
2026-09-11T18:12:05.804518896;1.7;0.6;18;0;2327
2026-09-11T18:12:06.975114028;1.7;0.6;18;0;2327
2026-09-11T18:12:08.54743177;1.7;0.6;18;0;2327
2026-09-11T18:12:09.130538583;1.7;0.6;18;0;2327
2026-09-11T18:12:10.208444414;1.7;0.6;18;0;2327
2026-09-11T18:12:11.277570189;1.7;0.6;18;0;2327
2026-09-11T18:12:12.385799816;1.7;0.6;18;0;2327
2026-09-11T18:12:13.459082092;1.7;0.6;18;0;2327
2026-09-11T18:12:14.551361252;1.7;0.6;18;0;2327
2026-09-11T18:12:15.631361192;1.7;0.6;18;0;2327
2026-09-11T18:12:16.709114563;1.7;0.6;18;0;2327
2026-09-11T18:12:17.820074720;1.7;0.6;18;0;2327
2026-09-11T18:12:18.911046771;1.7;0.6;18;0;2327
2026-09-11T18:12:19.993188866;1.7;0.6;18;0;2327
2026-09-11T18:12:21.68401013;1.7;0.6;18;0;2327
2026-09-11T18:12:22.140853425;1.7;0.6;18;0;2327
2026-09-11T18:12:23.222437054;1.7;0.6;18;0;2327
2026-09-11T18:12:24.303950815;1.7;0.6;18;0;2327
2026-09-11T18:12:25.459933436;1.7;0.6;18;0;2327
2026-09-11T18:12:26.544864352;1.7;0.6;18;0;2327
2026-09-11T18:12:27.647513455;1.7;0.6;18;0;2327
2026-09-11T18:12:28.715622370;1.7;0.6;18;0;2327
2026-09-11T18:12:29.793470438;1.7;0.6;18;0;2327
2026-09-11T18:12:30.887600219;1.7;0.6;18;0;2327
2026-09-11T18:12:32.2361955;1.7;0.6;18;0;2327
2026-09-11T18:12:33.146881948;1.7;0.6;18;0;2327
2026-09-11T18:12:34.286977263;1.7;0.6;18;0;2327
2026-09-11T18:12:35.354789414;1.7;0.6;18;0;2327
2026-09-11T18:12:36.433810776;1.7;0.6;18;0;2327
2026-09-11T18:12:37.502316099;1.7;0.6;18;0;2327
2026-09-11T18:12:38.578504889;1.7;0.6;18;0;2327
2026-09-11T18:12:39.667744387;1.7;0.6;18;0;2327
2026-09-11T18:12:40.736342912;1.7;0.6;18;0;2327
2026-09-11T18:12:41.815160211;1.7;0.6;18;0;2327
2026-09-11T18:12:42.894206287;1.7;0.6;18;0;2327
2026-09-11T18:12:43.970513368;1.7;0.6;18;0;2327
2026-09-11T18:12:45.96630592;1.7;0.6;18;0;2327
2026-09-11T18:12:46.204678408;1.7;0.6;18;51;2327
2026-09-11T18:12:47.312253470;1.7;0.6;18;33;2327
2026-09-11T18:12:48.550984008;1.7;0.6;18;33;2327
2026-09-11T18:12:49.709418867;1.7;0.6;18;0;2327
2026-09-11T18:12:50.927063127;1.7;0.6;18;0;2327
2026-09-11T18:12:52.147210166;1.7;0.6;18;0;2327
2026-09-11T18:12:53.284275467;1.7;0.6;18;0;2327
2026-09-11T18:12:54.520517787;1.7;0.6;18;0;2327
2026-09-11T18:12:55.592672592;1.7;0.6;18;0;2327
2026-09-11T18:12:56.668353216;1.7;0.6;18;0;2327
2026-09-11T18:12:57.758251429;1.7;0.6;18;0;2327
2026-09-11T18:12:58.859772481;1.7;0.6;18;0;2327
2026-09-11T18:12:59.926430267;1.7;0.6;18;0;2327
2026-09-11T18:13:01.3736242;1.7;0.6;18;0;2327
2026-09-11T18:13:02.71527099;1.7;0.6;18;0;2327
2026-09-11T18:13:03.142860094;1.7;0.6;18;0;2327
2026-09-11T18:13:04.224321338;1.7;0.6;18;0;2327
2026-09-11T18:13:05.314493593;1.7;0.6;18;0;2327
2026-09-11T18:13:06.389075636;1.7;0.6;18;0;2327
2026-09-11T18:13:07.457057930;1.7;0.6;18;0;2327
2026-09-11T18:13:08.526149200;1.7;0.6;18;0;2327
2026-09-11T18:13:09.601440881;1.7;0.6;18;0;2327
2026-09-11T18:13:10.696320044;1.7;0.6;18;0;2327
2026-09-11T18:13:11.789609286;1.7;0.6;18;0;2327
2026-09-11T18:13:12.877748117;1.7;0.6;18;0;2327
2026-09-11T18:13:13.976425698;1.7;0.6;18;0;2327
2026-09-11T18:13:15.54164084;1.7;0.6;18;0;2327
2026-09-11T18:13:16.124346741;1.7;0.6;18;0;2327
2026-09-11T18:13:17.220963829;1.7;0.6;18;0;2327
2026-09-11T18:13:18.289448531;1.7;0.6;18;0;2327
2026-09-11T18:13:19.378311932;1.7;0.6;18;0;2327
2026-09-11T18:13:20.453150827;1.7;0.6;18;0;2327
2026-09-11T18:13:21.528364000;1.7;0.6;18;0;2327
2026-09-11T18:13:22.592657022;1.7;0.6;18;0;2327
2026-09-11T18:13:23.669858204;1.7;0.6;18;0;2327
2026-09-11T18:13:24.749969837;1.7;0.6;18;0;2327
2026-09-11T18:13:25.818312623;1.7;0.6;18;0;2327
2026-09-11T18:13:26.903092836;1.7;0.6;18;0;2327
2026-09-11T18:13:28.22313943;1.7;0.6;18;0;2327
2026-09-11T18:13:29.119256895;1.7;0.6;18;0;2327
2026-09-11T18:13:30.187595950;1.7;0.6;18;0;2327
2026-09-11T18:13:31.269409292;1.7;0.6;18;0;2327
2026-09-11T18:13:32.364510724;1.7;0.6;18;0;2327
2026-09-11T18:13:33.444852391;1.7;0.6;18;0;2327
2026-09-11T18:13:34.515784081;1.7;0.6;18;0;2327
2026-09-11T18:13:35.592953592;1.7;0.6;18;0;2327
2026-09-11T18:13:36.680212112;1.7;0.6;18;0;2327
2026-09-11T18:13:37.788375747;1.7;0.6;18;0;2327
2026-09-11T18:13:38.852705556;1.7;0.6;18;0;2327
2026-09-11T18:13:39.923501628;1.7;0.6;18;0;2327
2026-09-11T18:13:41.12171272;1.6;0.6;18;0;2327
2026-09-11T18:13:42.98478613;1.6;0.6;18;0;2327
2026-09-11T18:13:43.162931067;1.6;0.6;18;0;2327
2026-09-11T18:13:44.231529526;1.6;0.6;18;0;2327
2026-09-11T18:13:45.305723776;1.6;0.6;18;0;2327
2026-09-11T18:13:46.399622421;1.6;0.6;18;0;2327
2026-09-11T18:13:47.547456179;1.6;0.6;18;0;2327
2026-09-11T18:13:48.742495406;1.6;0.6;18;0;2327
2026-09-11T18:13:49.977873338;1.6;0.6;18;0;2327
2026-09-11T18:13:51.60653479;1.6;0.6;18;0;2327
2026-09-11T18:13:52.161575002;1.6;0.6;18;0;2327
2026-09-11T18:13:53.247369748;1.6;0.6;18;0;2327
2026-09-11T18:13:54.331679996;1.6;0.6;18;0;2327
2026-09-11T18:13:55.434837653;1.6;0.6;18;0;2327
2026-09-11T18:13:56.564764455;1.6;0.6;18;0;2327
2026-09-11T18:13:57.635914991;1.6;0.6;18;0;2327
2026-09-11T18:13:58.708497379;1.6;0.6;18;0;2327
2026-09-11T18:13:59.790439768;1.6;0.6;18;0;2327
2026-09-11T18:14:00.868050400;1.6;0.6;18;0;2327
2026-09-11T18:14:01.965147395;1.6;0.6;18;0;2327
2026-09-11T18:14:03.32594697;1.6;0.6;18;0;2327
2026-09-11T18:14:04.110751335;1.6;0.6;18;0;2327
2026-09-11T18:14:05.179978744;1.6;0.6;18;0;2327
2026-09-11T18:14:06.259361694;1.6;0.6;18;0;2327
2026-09-11T18:14:07.377124207;1.6;0.6;18;0;2327
2026-09-11T18:14:08.448980840;1.6;0.6;18;0;2327
2026-09-11T18:14:09.520496952;1.6;0.6;18;0;2327
2026-09-11T18:14:10.590786547;1.6;0.6;18;0;2327
2026-09-11T18:14:11.680716875;1.6;0.6;18;0;2327
2026-09-11T18:14:12.759650295;1.6;0.6;18;0;2327
2026-09-11T18:14:13.826784100;1.6;0.6;18;0;2327
2026-09-11T18:14:14.899719986;1.6;0.6;18;0;2327
2026-09-11T18:14:15.997111866;1.6;0.6;18;0;2327
2026-09-11T18:14:17.77135255;1.6;0.6;18;0;2327
2026-09-11T18:14:18.151757658;1.6;0.6;18;0;2327
2026-09-11T18:14:19.264107488;1.6;0.6;18;0;2327
2026-09-11T18:14:20.344910772;1.6;0.6;18;0;2327
2026-09-11T18:14:21.416217917;1.6;0.6;18;0;2327
2026-09-11T18:14:22.504329639;1.6;0.6;18;0;2327
2026-09-11T18:14:23.588921038;1.6;0.6;18;0;2327
2026-09-11T18:14:24.671070702;1.6;0.6;18;0;2327
2026-09-11T18:14:25.747087023;1.6;0.6;18;0;2327
2026-09-11T18:14:26.835082437;1.6;0.6;18;0;2327
2026-09-11T18:14:27.905347255;1.6;0.6;18;0;2327
2026-09-11T18:14:28.982138621;1.6;0.6;18;0;2327
2026-09-11T18:14:30.57747790;1.6;0.6;18;0;2327
2026-09-11T18:14:31.132148428;1.6;0.6;18;0;2327
2026-09-11T18:14:32.224883133;1.6;0.6;18;0;2327
2026-09-11T18:14:33.409773123;1.6;0.6;18;0;2327
2026-09-11T18:14:34.578044649;1.6;0.6;18;0;2327
2026-09-11T18:14:35.656388782;1.6;0.6;18;0;2327
2026-09-11T18:14:36.750014245;1.6;0.6;18;0;2327
2026-09-11T18:14:37.910018289;1.6;0.6;18;0;2327
2026-09-11T18:14:38.986048994;1.6;0.6;18;0;2327
2026-09-11T18:14:40.59638937;1.6;0.6;18;0;2327
2026-09-11T18:14:41.140421551;1.6;0.6;18;0;2327
2026-09-11T18:14:42.215424286;1.6;0.6;18;0;2327
2026-09-11T18:14:43.292390477;1.6;0.6;18;0;2327
2026-09-11T18:14:44.360612499;1.6;0.6;18;0;2327
2026-09-11T18:14:45.443647191;1.6;0.6;18;0;2327
2026-09-11T18:14:46.511613112;1.6;0.6;18;0;2327
2026-09-11T18:14:47.577878274;1.6;0.6;18;0;2327
2026-09-11T18:14:48.689351924;1.6;0.6;18;0;2327
2026-09-11T18:14:49.774424428;1.6;0.6;18;0;2327
2026-09-11T18:14:50.848721959;1.6;0.6;18;0;2327
2026-09-11T18:14:51.929721381;1.6;0.6;18;0;2327
2026-09-11T18:14:53.13997792;1.6;0.6;18;0;2327
2026-09-11T18:14:54.91345661;1.6;0.6;18;0;2327
2026-09-11T18:14:55.202715857;1.6;0.6;18;0;2327
2026-09-11T18:14:56.291918779;1.6;0.6;18;0;2327
2026-09-11T18:14:57.378034300;1.6;0.6;18;0;2327
2026-09-11T18:14:58.458334754;1.6;0.6;18;0;2327
2026-09-11T18:14:59.525268491;1.6;0.6;18;0;2327
2026-09-11T18:15:00.595999433;1.6;0.6;18;0;2327
2026-09-11T18:15:01.699108275;1.6;0.6;18;0;2327
2026-09-11T18:15:02.852967763;1.6;0.6;18;32;2327
2026-09-11T18:15:04.44274101;1.6;0.6;18;14;2327
2026-09-11T18:15:05.291337238;1.6;0.6;18;0;2327
2026-09-11T18:15:06.376910972;1.6;0.6;18;0;2327
2026-09-11T18:15:07.450089626;1.6;0.6;18;0;2327
2026-09-11T18:15:08.521737777;1.6;0.6;18;0;2327
2026-09-11T18:15:09.596660380;1.6;0.6;18;0;2327
2026-09-11T18:15:10.666263991;1.6;0.6;18;0;2327
2026-09-11T18:15:11.738306021;1.6;0.6;18;0;2327
2026-09-11T18:15:12.809550304;1.6;0.6;18;0;2327
2026-09-11T18:15:13.878243521;1.6;0.6;18;0;2327
2026-09-11T18:15:14.966657083;1.6;0.6;18;0;2327
2026-09-11T18:15:16.54226073;1.6;0.6;18;0;2327
2026-09-11T18:15:17.123685423;1.6;0.6;18;0;2327
2026-09-11T18:15:18.200142035;1.6;0.6;18;0;2327
2026-09-11T18:15:19.288000587;1.6;0.6;18;0;2327
2026-09-11T18:15:20.394152569;1.6;0.6;18;0;2327
2026-09-11T18:15:21.459349075;1.6;0.6;18;0;2327
2026-09-11T18:15:22.529281779;1.6;0.6;18;0;2327
2026-09-11T18:15:23.600543627;1.6;0.6;18;0;2327
2026-09-11T18:15:24.668227798;1.6;0.6;18;0;2327
2026-09-11T18:15:25.736686640;1.6;0.6;18;0;2327
2026-09-11T18:15:26.827893572;1.6;0.6;18;0;2327
2026-09-11T18:15:27.917836339;1.6;0.6;18;0;2327
2026-09-11T18:15:29.141431;1.6;0.6;18;0;2327
2026-09-11T18:15:30.91292789;1.6;0.6;18;0;2327
2026-09-11T18:15:31.188560101;1.6;0.6;18;0;2327
2026-09-11T18:15:32.261152084;1.6;0.6;18;0;2327
2026-09-11T18:15:33.334486559;1.6;0.6;18;0;2327
2026-09-11T18:15:34.424789003;1.6;0.6;18;0;2327
2026-09-11T18:15:35.502922830;1.6;0.6;18;0;2327
2026-09-11T18:15:36.571946665;1.6;0.6;18;0;2327
2026-09-11T18:15:37.634405859;1.6;0.6;18;0;2327
2026-09-11T18:15:38.699391154;1.6;0.6;18;0;2327
2026-09-11T18:15:39.765028884;1.6;0.6;18;0;2327
2026-09-11T18:15:40.837877698;1.6;0.6;18;0;2327
2026-09-11T18:15:41.906369056;1.6;0.6;18;0;2327
2026-09-11T18:15:42.972109788;1.6;0.6;18;0;2327
2026-09-11T18:15:44.39926067;1.6;0.6;18;0;2327
2026-09-11T18:15:45.121316625;1.6;0.6;18;0;2327
2026-09-11T18:15:46.198034020;1.6;0.6;18;0;2327
2026-09-11T18:15:47.264066974;1.6;0.6;18;0;2327
2026-09-11T18:15:48.336799857;1.6;0.6;18;0;2327
2026-09-11T18:15:49.408915425;1.6;0.6;18;0;2327
2026-09-11T18:15:50.564296667;1.6;0.6;18;0;2327
2026-09-11T18:15:51.698222475;1.6;0.6;18;0;2327
2026-09-11T18:15:52.778531294;1.6;0.6;18;0;2327
2026-09-11T18:15:53.921398681;1.6;0.6;18;44;2327
2026-09-11T18:15:55.219527177;1.6;0.6;18;11;2327
2026-09-11T18:15:56.526122242;1.6;0.6;18;47;2327
2026-09-11T18:15:57.685992004;1.6;0.6;18;52;2327
2026-09-11T18:15:58.783698266;1.6;0.6;18;44;2327
2026-09-11T18:15:59.917457507;1.6;0.6;18;51;2327
2026-09-11T18:16:01.39573357;1.6;0.6;18;49;2327
2026-09-11T18:16:02.171596779;1.6;0.6;18;50;2327
2026-09-11T18:16:03.296028317;1.6;0.6;18;43;2327
2026-09-11T18:16:04.416805253;1.6;0.6;18;48;2327
2026-09-11T18:16:05.529564933;1.6;0.6;18;50;2327
2026-09-11T18:16:06.685320701;1.6;0.6;18;19;2327
2026-09-11T18:16:07.862305938;1.6;0.6;18;45;2327
2026-09-11T18:16:09.1041597;1.6;0.6;18;29;2327
2026-09-11T18:16:10.199824102;1.6;0.6;18;33;2327
2026-09-11T18:16:11.355567886;1.6;0.6;18;18;2327
2026-09-11T18:16:12.610895037;1.6;0.6;18;41;2327
2026-09-11T18:16:13.747846842;1.6;0.6;18;37;2327
2026-09-11T18:16:14.883270129;1.6;0.6;18;45;2327
2026-09-11T18:16:16.42379652;1.6;0.6;18;47;2327
2026-09-11T18:16:17.163047235;1.6;0.6;18;43;2327
2026-09-11T18:16:18.349923279;1.6;0.6;18;38;2327
2026-09-11T18:16:19.501940720;1.6;0.6;18;0;2327
2026-09-11T18:16:20.566906809;1.6;0.6;18;0;2327
2026-09-11T18:16:21.634149264;1.6;0.6;18;0;2327
2026-09-11T18:16:22.710725553;1.6;0.6;18;0;2327
2026-09-11T18:16:23.784290889;1.6;0.6;18;0;2327
2026-09-11T18:16:24.855808071;1.6;0.6;18;0;2327
2026-09-11T18:16:25.923314497;1.6;0.6;18;0;2327
2026-09-11T18:16:27.5757798;1.6;0.6;18;0;2327
2026-09-11T18:16:28.73443488;1.6;0.6;18;0;2327
2026-09-11T18:16:29.148627737;1.6;0.6;18;0;2327
2026-09-11T18:16:30.220097098;1.6;0.6;18;0;2327
2026-09-11T18:16:31.303668650;1.6;0.6;18;0;2327
2026-09-11T18:16:32.406501339;1.6;0.6;18;0;2327
2026-09-11T18:16:33.487833338;1.6;0.6;18;0;2327
2026-09-11T18:16:34.560088510;1.6;0.6;18;0;2327
2026-09-11T18:16:35.635825523;1.6;0.6;18;0;2327
2026-09-11T18:16:36.715672957;1.6;0.6;18;0;2327
2026-09-11T18:16:37.791638930;1.6;0.6;18;0;2327
2026-09-11T18:16:38.860246417;1.6;0.6;18;0;2327
2026-09-11T18:16:39.928908231;1.6;0.6;18;0;2327
2026-09-11T18:16:40.996054344;1.6;0.6;18;0;2327
2026-09-11T18:16:42.68378925;1.6;0.6;18;0;2327
2026-09-11T18:16:43.144320602;1.6;0.6;18;0;2327
2026-09-11T18:16:44.212257197;1.6;0.6;18;0;2327
2026-09-11T18:16:45.309051611;1.6;0.6;18;0;2327
2026-09-11T18:16:46.414349054;1.6;0.6;18;0;2327
2026-09-11T18:16:47.492730914;1.6;0.6;18;0;2327
2026-09-11T18:16:48.561498200;1.6;0.6;18;0;2327
2026-09-11T18:16:49.637475962;1.6;0.6;18;0;2327
2026-09-11T18:16:50.709235622;1.6;0.6;18;0;2327
2026-09-11T18:16:51.807300299;1.6;0.6;18;0;2327
2026-09-11T18:16:52.885659941;1.6;0.6;18;0;2327
2026-09-11T18:16:53.965176231;1.6;0.6;18;0;2327
2026-09-11T18:16:55.85598809;1.6;0.6;18;0;2327
2026-09-11T18:16:56.243655437;1.6;0.6;18;0;2327
2026-09-11T18:16:57.316611345;1.6;0.6;18;0;2327
2026-09-11T18:16:58.387448929;1.6;0.6;18;0;2327
2026-09-11T18:16:59.468968078;1.6;0.6;18;0;2327
2026-09-11T18:17:00.587814688;1.6;0.6;18;0;2327
2026-09-11T18:17:01.698786048;1.6;0.6;18;0;2327
2026-09-11T18:17:02.776251704;1.6;0.6;18;0;2327
2026-09-11T18:17:03.878468830;1.6;0.6;18;0;2327
2026-09-11T18:17:04.950624584;1.6;0.6;18;0;2327
2026-09-11T18:17:06.22126367;1.6;0.6;18;0;2327
2026-09-11T18:17:07.113403011;1.6;0.6;18;0;2327
2026-09-11T18:17:08.183088063;1.6;0.6;18;0;2327
2026-09-11T18:17:09.256875639;1.6;0.6;18;0;2327
2026-09-11T18:17:10.324277220;1.6;0.6;18;0;2327
2026-09-11T18:17:11.392863672;1.6;0.6;18;0;2327
2026-09-11T18:17:12.459343440;1.6;0.6;18;0;2327
2026-09-11T18:17:13.592292424;1.6;0.6;18;6;2327
2026-09-11T18:17:15.139220746;1.6;0.6;18;17;2327
2026-09-11T18:17:16.597117194;1.6;0.6;18;45;2327
2026-09-11T18:17:17.716401127;1.6;0.6;18;52;2327
2026-09-11T18:17:18.822973268;1.6;0.6;18;46;2327
2026-09-11T18:17:19.959720216;1.6;0.6;18;46;2327
2026-09-11T18:17:21.176388062;1.6;0.6;18;48;2327
2026-09-11T18:17:22.476003700;1.6;0.6;18;46;2327
2026-09-11T18:17:23.664193229;1.6;0.6;18;45;2327
2026-09-11T18:17:24.924907823;1.6;0.6;18;41;2327
2026-09-11T18:17:26.107419264;1.6;0.6;18;52;2327
2026-09-11T18:17:27.246965775;1.6;0.6;18;48;2327
2026-09-11T18:17:28.373633752;1.6;0.6;18;47;2327
2026-09-11T18:17:29.545055718;1.6;0.6;18;28;2327
2026-09-11T18:17:30.808770504;1.6;0.6;18;35;2327
2026-09-11T18:17:32.4296035;1.6;0.6;18;35;2327
2026-09-11T18:17:33.178575011;1.6;0.6;18;0;2327
2026-09-11T18:17:34.279274194;1.6;0.6;18;0;2327
2026-09-11T18:17:35.360635577;1.6;0.6;18;0;2327
2026-09-11T18:17:36.436837094;1.6;0.6;18;0;2327
2026-09-11T18:17:37.528299742;1.6;0.6;18;0;2327
2026-09-11T18:17:38.616019178;1.6;0.6;18;0;2327
2026-09-11T18:17:39.705189723;1.6;0.6;18;0;2327
2026-09-11T18:17:40.773941897;1.6;0.6;18;0;2327
2026-09-11T18:17:41.845769882;1.6;0.6;18;0;2327
2026-09-11T18:17:42.924211033;1.6;0.6;18;0;2327
2026-09-11T18:17:44.391992116;1.6;0.6;18;0;2327
2026-09-11T18:17:45.560301327;1.6;0.6;18;0;2327
2026-09-11T18:17:46.651216542;1.6;0.6;18;0;2327
2026-09-11T18:17:47.729377247;1.6;0.6;18;0;2327
2026-09-11T18:17:48.807086215;1.6;0.6;18;0;2327
2026-09-11T18:17:49.879596315;1.6;0.6;18;0;2327
2026-09-11T18:17:50.955283523;1.6;0.6;18;0;2327
2026-09-11T18:17:52.28365014;1.6;0.6;18;0;2327
2026-09-11T18:17:53.98108460;1.6;0.6;18;0;2327
2026-09-11T18:17:54.176759883;1.6;0.6;18;0;2327
2026-09-11T18:17:55.261518903;1.6;0.6;18;0;2327
2026-09-11T18:17:56.346162728;1.6;0.6;18;0;2327
2026-09-11T18:17:57.414121304;1.6;0.6;18;0;2327
2026-09-11T18:17:58.491484672;1.6;0.6;18;0;2327
2026-09-11T18:17:59.573710195;1.6;0.6;18;0;2327
2026-09-11T18:18:00.650718438;1.6;0.6;18;0;2327
2026-09-11T18:18:01.723286112;1.6;0.6;18;0;2327
2026-09-11T18:18:02.803298869;1.6;0.6;18;0;2327
2026-09-11T18:18:03.874864201;1.6;0.6;18;0;2327
2026-09-11T18:18:04.936490595;1.6;0.6;18;0;2327
2026-09-11T18:18:06.6364908;1.6;0.6;18;0;2327
2026-09-11T18:18:07.80814834;1.6;0.6;18;0;2327
2026-09-11T18:18:08.141003819;1.6;0.6;18;0;2327
2026-09-11T18:18:09.260775394;1.6;0.6;18;0;2327
2026-09-11T18:18:10.479241944;1.6;0.6;18;0;2327
2026-09-11T18:18:11.575679888;1.6;0.6;18;0;2327
2026-09-11T18:18:12.639735438;1.6;0.6;18;0;2327
2026-09-11T18:18:13.706733631;1.6;0.6;18;0;2327
2026-09-11T18:18:14.782582051;1.6;0.6;18;0;2327
2026-09-11T18:18:15.857740035;1.6;0.6;18;0;2327
2026-09-11T18:18:16.947032456;1.6;0.6;18;0;2327
2026-09-11T18:18:18.59658824;1.6;0.6;18;0;2327
2026-09-11T18:18:19.199689622;1.6;0.6;18;0;2327
2026-09-11T18:18:20.304468853;1.6;0.6;18;0;2327
2026-09-11T18:18:21.385403241;1.6;0.6;18;0;2327
2026-09-11T18:18:22.466642326;1.6;0.6;18;0;2327
2026-09-11T18:18:23.570628883;1.6;0.6;18;0;2327
2026-09-11T18:18:24.674972945;1.6;0.6;18;0;2327
2026-09-11T18:18:25.783402324;1.6;0.6;18;0;2327
2026-09-11T18:18:26.882899136;1.6;0.6;18;0;2327
2026-09-11T18:18:27.956031614;1.6;0.6;18;0;2327
2026-09-11T18:18:29.27727550;1.6;0.6;18;0;2327
2026-09-11T18:18:30.105924707;1.6;0.6;18;0;2327
2026-09-11T18:18:31.175895688;1.6;0.6;18;0;2327
2026-09-11T18:18:32.245758972;1.6;0.6;18;0;2327
2026-09-11T18:18:33.399284428;1.6;0.6;18;35;2327
2026-09-11T18:18:35.106497500;1.6;0.6;18;42;2327
2026-09-11T18:18:36.326942841;1.6;0.6;18;48;2327
2026-09-11T18:18:37.487432784;1.6;0.6;18;52;2327
2026-09-11T18:18:38.591747722;1.6;0.6;18;46;2327
2026-09-11T18:18:39.739845813;1.6;0.6;18;46;2327
2026-09-11T18:18:40.886327058;1.6;0.6;18;46;2327
2026-09-11T18:18:42.27169350;1.6;0.6;18;46;2327
2026-09-11T18:18:43.447416662;1.6;0.6;18;52;2327
2026-09-11T18:18:44.660388238;1.6;0.6;18;43;2327
2026-09-11T18:18:45.993729961;1.6;0.6;18;36;2327
2026-09-11T18:18:47.158984511;1.6;0.6;18;27;2327
2026-09-11T18:18:48.371522473;1.6;0.6;18;29;2327
2026-09-11T18:18:49.572361597;1.6;0.6;18;39;2327
2026-09-11T18:18:50.794231331;1.6;0.6;18;22;2327
2026-09-11T18:18:52.51486810;1.6;0.6;18;30;2327
2026-09-11T18:18:53.248899213;1.6;0.6;18;41;2327
2026-09-11T18:18:54.465879697;1.6;0.6;18;28;2327
2026-09-11T18:18:55.649066119;1.6;0.6;18;40;2327
2026-09-11T18:18:56.809475093;1.6;0.6;18;37;2327
2026-09-11T18:18:57.988925617;1.6;0.6;18;35;2327
2026-09-11T18:18:59.167505665;1.6;0.6;18;41;2327
2026-09-11T18:19:00.319488858;1.6;0.6;18;0;2327
2026-09-11T18:19:01.405702475;1.6;0.6;18;0;2327
2026-09-11T18:19:02.501977410;1.6;0.6;18;0;2327
2026-09-11T18:19:03.574458930;1.6;0.6;18;0;2327
2026-09-11T18:19:04.682662556;1.6;0.6;18;0;2327
2026-09-11T18:19:05.771960109;1.6;0.6;18;0;2327
2026-09-11T18:19:06.848133151;1.6;0.6;18;0;2327
2026-09-11T18:19:07.969145715;1.6;0.6;18;0;2327
2026-09-11T18:19:09.103649356;1.6;0.6;18;0;2327
2026-09-11T18:19:10.249744562;1.6;0.6;18;0;2327
2026-09-11T18:19:11.325743000;1.6;0.6;18;0;2327
2026-09-11T18:19:12.429716886;1.6;0.6;18;0;2327
2026-09-11T18:19:13.498057111;1.6;0.6;18;0;2327
2026-09-11T18:19:14.569993274;1.6;0.6;18;0;2327
2026-09-11T18:19:15.660378582;1.6;0.6;18;0;2327
2026-09-11T18:19:16.732773094;1.6;0.6;18;0;2327
2026-09-11T18:19:17.879518865;1.6;0.6;18;0;2327
2026-09-11T18:19:18.950127057;1.6;0.6;18;0;2327
2026-09-11T18:19:20.27245245;1.6;0.6;18;0;2327
2026-09-11T18:19:21.99229687;1.6;0.6;18;0;2327
2026-09-11T18:19:22.179718903;1.6;0.6;18;0;2327
2026-09-11T18:19:23.255682677;1.6;0.6;18;0;2327
2026-09-11T18:19:24.335826647;1.6;0.6;18;0;2327
2026-09-11T18:19:25.522357351;1.6;0.6;18;0;2327
2026-09-11T18:19:26.591716592;1.6;0.6;18;0;2327
2026-09-11T18:19:27.715820918;1.6;0.6;18;0;2327
2026-09-11T18:19:28.787796494;1.6;0.6;18;0;2327
2026-09-11T18:19:29.875485644;1.6;0.6;18;0;2327
2026-09-11T18:19:30.953089738;1.6;0.6;18;0;2327
2026-09-11T18:19:32.38520008;1.6;0.6;18;0;2327
2026-09-11T18:19:33.109359395;1.6;0.6;18;0;2327
2026-09-11T18:19:34.198485843;1.6;0.6;18;0;2327
2026-09-11T18:19:35.307185222;1.6;0.6;18;0;2327
2026-09-11T18:19:36.433835743;1.6;0.6;18;0;2327
2026-09-11T18:19:37.594686210;1.6;0.6;18;0;2327
2026-09-11T18:19:38.717503262;1.6;0.6;18;0;2327
2026-09-11T18:19:39.816100870;1.6;0.6;18;0;2327
2026-09-11T18:19:40.917924401;1.6;0.6;18;0;2327
2026-09-11T18:19:42.4999590;1.6;0.6;18;0;2327
2026-09-11T18:19:43.103679214;1.6;0.6;18;0;2327
2026-09-11T18:19:44.181716197;1.6;0.6;18;0;2327
2026-09-11T18:19:45.259284136;1.6;0.6;18;0;2327
2026-09-11T18:19:46.331462417;1.6;0.6;18;0;2327
2026-09-11T18:19:47.403933395;1.6;0.6;18;0;2327
2026-09-11T18:19:48.477052769;1.6;0.6;18;0;2327
2026-09-11T18:19:49.550361896;1.6;0.6;18;0;2327
2026-09-11T18:19:50.638533266;1.6;0.6;18;0;2327
2026-09-11T18:19:51.901825221;1.6;0.6;18;0;2327
2026-09-11T18:19:53.30669066;1.6;0.6;18;0;2327
2026-09-11T18:19:54.104196531;1.6;0.6;18;0;2327
2026-09-11T18:19:55.200731870;1.6;0.6;18;0;2327
2026-09-11T18:19:56.290221266;1.6;0.6;18;0;2327
2026-09-11T18:19:57.402927237;1.6;0.6;18;0;2327
2026-09-11T18:19:58.568972600;1.6;0.6;18;0;2327
2026-09-11T18:19:59.705609711;1.6;0.6;18;0;2327
2026-09-11T18:20:00.873675197;1.6;0.6;18;0;2327
2026-09-11T18:20:02.23539808;1.5;0.6;18;0;2327
2026-09-11T18:20:03.175666966;1.5;0.6;18;0;2327
2026-09-11T18:20:04.246352058;1.5;0.6;18;0;2327
2026-09-11T18:20:05.436450489;1.5;0.6;18;0;2327
2026-09-11T18:20:06.514885733;1.5;0.6;18;0;2327
2026-09-11T18:20:07.592817224;1.5;0.6;18;0;2327
2026-09-11T18:20:08.667292034;1.5;0.6;18;0;2327
2026-09-11T18:20:09.766343263;1.5;0.6;18;0;2327
2026-09-11T18:20:10.853032261;1.5;0.6;18;0;2327
2026-09-11T18:20:11.925255592;1.5;0.6;18;0;2327
2026-09-11T18:20:13.77192940;1.5;0.6;18;0;2327
2026-09-11T18:20:14.192741012;1.5;0.6;18;0;2327
2026-09-11T18:20:15.264141874;1.5;0.6;18;0;2327
2026-09-11T18:20:16.351523366;1.5;0.6;18;0;2327
2026-09-11T18:20:17.427348650;1.5;0.6;18;0;2327
2026-09-11T18:20:18.506596186;1.5;0.6;18;0;2327
2026-09-11T18:20:19.588630787;1.5;0.6;18;0;2327
2026-09-11T18:20:20.663051305;1.5;0.6;18;0;2327
2026-09-11T18:20:21.735121022;1.5;0.6;18;0;2327
2026-09-11T18:20:22.810045201;1.5;0.6;18;0;2327
2026-09-11T18:20:23.895528366;1.5;0.6;18;0;2327
2026-09-11T18:20:24.968437249;1.5;0.6;18;0;2327
2026-09-11T18:20:26.80949790;1.5;0.6;18;0;2327
2026-09-11T18:20:27.156669950;1.5;0.6;18;0;2327
2026-09-11T18:20:28.228862273;1.5;0.6;18;0;2327
2026-09-11T18:20:29.333004742;1.5;0.6;18;0;2327
2026-09-11T18:20:30.403258376;1.5;0.6;18;0;2327
2026-09-11T18:20:31.482519291;1.5;0.6;18;0;2327
2026-09-11T18:20:32.591671006;1.5;0.6;18;0;2327
2026-09-11T18:20:33.725184811;1.5;0.6;18;0;2327
2026-09-11T18:20:34.817868994;1.5;0.6;18;0;2327
2026-09-11T18:20:35.887495663;1.5;0.6;18;0;2327
2026-09-11T18:20:36.958391539;1.5;0.6;18;0;2327
2026-09-11T18:20:38.31727138;1.5;0.6;18;0;2327
2026-09-11T18:20:39.116790022;1.5;0.6;18;0;2327
2026-09-11T18:20:40.187371010;1.5;0.6;18;0;2327
2026-09-11T18:20:41.275697733;1.5;0.6;18;0;2327
2026-09-11T18:20:42.347878349;1.5;0.6;18;0;2327
2026-09-11T18:20:43.421587184;1.5;0.6;18;0;2327
2026-09-11T18:20:44.484397846;1.5;0.6;18;0;2327
2026-09-11T18:20:45.559213483;1.5;0.6;18;0;2327
2026-09-11T18:20:46.632589727;1.5;0.6;18;0;2327
2026-09-11T18:20:47.714011982;1.5;0.6;18;0;2327
2026-09-11T18:20:48.863484600;1.5;0.6;18;0;2327
2026-09-11T18:20:49.930511335;1.5;0.6;18;0;2327
2026-09-11T18:20:51.6047661;1.5;0.6;18;0;2327
2026-09-11T18:20:52.79293174;1.5;0.6;18;0;2327
2026-09-11T18:20:53.162067705;1.5;0.6;18;0;2327
2026-09-11T18:20:54.244031167;1.5;0.6;18;0;2327
2026-09-11T18:20:55.328944009;1.5;0.6;18;0;2327
2026-09-11T18:20:56.417382983;1.5;0.6;18;0;2327
2026-09-11T18:20:57.514038661;1.5;0.6;18;0;2327
2026-09-11T18:20:58.581139384;1.5;0.6;18;0;2327
2026-09-11T18:20:59.650307011;1.5;0.6;18;0;2327
2026-09-11T18:21:00.733104285;1.5;0.6;18;0;2327
2026-09-11T18:21:01.805128039;1.5;0.6;18;0;2327
2026-09-11T18:21:02.876475833;1.5;0.6;18;0;2327
2026-09-11T18:21:03.949447746;1.5;0.6;18;0;2327
2026-09-11T18:21:05.21666066;1.5;0.6;18;0;2327
2026-09-11T18:21:06.94892080;1.5;0.6;18;0;2327
2026-09-11T18:21:07.171163367;1.5;0.6;18;0;2327
2026-09-11T18:21:08.246777957;1.5;0.6;18;0;2327
2026-09-11T18:21:09.333084484;1.5;0.6;18;0;2327
2026-09-11T18:21:10.421196638;1.5;0.6;18;0;2327
2026-09-11T18:21:11.528500711;1.5;0.6;18;0;2327
2026-09-11T18:21:12.598017303;1.5;0.6;18;0;2327
2026-09-11T18:21:13.667827529;1.5;0.6;18;0;2327
2026-09-11T18:21:14.741134558;1.5;0.6;18;0;2327
2026-09-11T18:21:15.809403755;1.5;0.6;18;0;2327
2026-09-11T18:21:16.883550856;1.5;0.6;18;0;2327
2026-09-11T18:21:17.984861918;1.5;0.6;18;0;2327
2026-09-11T18:21:19.62513884;1.5;0.6;18;0;2327
2026-09-11T18:21:20.136901040;1.5;0.6;18;0;2327
2026-09-11T18:21:21.250219427;1.5;0.6;18;0;2327
2026-09-11T18:21:22.325184789;1.5;0.6;18;0;2327
2026-09-11T18:21:23.416963352;1.5;0.6;18;0;2327
2026-09-11T18:21:24.485119459;1.5;0.6;18;0;2327
2026-09-11T18:21:25.551498433;1.5;0.6;18;0;2327
2026-09-11T18:21:26.646328499;1.5;0.6;18;0;2327
2026-09-11T18:21:27.717879574;1.5;0.6;18;0;2327
2026-09-11T18:21:28.784153165;1.5;0.6;18;0;2327
2026-09-11T18:21:29.854240250;1.5;0.6;18;0;2327
2026-09-11T18:21:30.918837600;1.5;0.6;18;0;2327
2026-09-11T18:21:31.982257888;1.5;0.6;18;0;2327
2026-09-11T18:21:33.51780970;1.5;0.6;18;0;2327
2026-09-11T18:21:34.120749477;1.5;0.6;18;0;2327
2026-09-11T18:21:35.187225478;1.5;0.6;18;0;2327
2026-09-11T18:21:36.253578875;1.5;0.6;18;0;2327
2026-09-11T18:21:37.341315313;1.5;0.6;18;0;2327
2026-09-11T18:21:38.404594093;1.5;0.6;18;0;2327
2026-09-11T18:21:39.478157677;1.5;0.6;18;0;2327
2026-09-11T18:21:40.553144681;1.5;0.6;18;0;2327
2026-09-11T18:21:41.615024712;1.5;0.6;18;0;2327
2026-09-11T18:21:42.678752951;1.5;0.6;18;0;2327
2026-09-11T18:21:43.745390189;1.5;0.6;18;0;2327
2026-09-11T18:21:44.816384356;1.5;0.6;18;0;2327
2026-09-11T18:21:45.886325065;1.5;0.6;18;0;2327
2026-09-11T18:21:46.959379273;1.5;0.6;18;0;2327
2026-09-11T18:21:48.29822270;1.5;0.6;18;0;2327
2026-09-11T18:21:49.94484894;1.5;0.6;18;0;2327
2026-09-11T18:21:50.161595324;1.5;0.6;18;0;2327
2026-09-11T18:21:51.246655371;1.5;0.6;18;0;2327
2026-09-11T18:21:52.321505932;1.5;0.6;18;0;2327
2026-09-11T18:21:53.386223989;1.5;0.6;18;0;2327
2026-09-11T18:21:54.468342349;1.5;0.6;18;0;2327
2026-09-11T18:21:55.546657370;1.5;0.6;18;0;2327
2026-09-11T18:21:56.616629582;1.5;0.6;18;0;2327
2026-09-11T18:21:57.683719026;1.5;0.6;18;0;2327
2026-09-11T18:21:58.768700498;1.5;0.6;18;0;2327
2026-09-11T18:21:59.841648265;1.5;0.6;18;0;2327
2026-09-11T18:22:00.920674264;1.5;0.6;18;0;2327
2026-09-11T18:22:02.13826122;1.5;0.6;18;0;2327
2026-09-11T18:22:03.80468414;1.5;0.6;18;0;2327
2026-09-11T18:22:04.146954305;1.5;0.6;18;0;2327
2026-09-11T18:22:05.233760611;1.5;0.6;18;0;2327
2026-09-11T18:22:06.319566215;1.5;0.6;18;0;2327
2026-09-11T18:22:07.387403899;1.5;0.6;18;0;2327
2026-09-11T18:22:08.451000895;1.5;0.6;18;0;2327
2026-09-11T18:22:09.524409392;1.5;0.6;18;0;2327
2026-09-11T18:22:10.592886761;1.5;0.6;18;0;2327
2026-09-11T18:22:11.658136684;1.5;0.6;18;0;2327
2026-09-11T18:22:12.725823330;1.5;0.6;18;0;2327
2026-09-11T18:22:13.795037385;1.5;0.6;18;0;2327
2026-09-11T18:22:14.863471234;1.5;0.6;18;0;2327
2026-09-11T18:22:15.928511303;1.5;0.6;18;0;2327
2026-09-11T18:22:17.3776417;1.5;0.6;18;0;2327
2026-09-11T18:22:18.97501908;1.5;0.6;18;0;2327
2026-09-11T18:22:19.169675262;1.5;0.6;18;0;2327
2026-09-11T18:22:20.238744581;1.5;0.6;18;0;2327
2026-09-11T18:22:21.307925879;1.5;0.6;18;0;2327
2026-09-11T18:22:22.377413426;1.5;0.6;18;0;2327
2026-09-11T18:22:23.446310956;1.5;0.6;18;0;2327
2026-09-11T18:22:24.515125388;1.5;0.6;18;0;2327
2026-09-11T18:22:25.585629060;1.5;0.6;18;0;2327
2026-09-11T18:22:26.657988317;1.5;0.6;18;0;2327
2026-09-11T18:22:27.726480545;1.5;0.6;18;0;2327
2026-09-11T18:22:28.805377857;1.5;0.6;18;0;2327
2026-09-11T18:22:29.874596881;1.5;0.6;18;0;2327
2026-09-11T18:22:30.944859522;1.5;0.6;18;0;2327
2026-09-11T18:22:32.19551345;1.5;0.6;18;0;2327
2026-09-11T18:22:33.110495944;1.5;0.6;18;0;2327
2026-09-11T18:22:34.179144496;1.5;0.6;18;0;2327
2026-09-11T18:22:35.268621025;1.5;0.6;18;0;2327
2026-09-11T18:22:36.355496308;1.5;0.6;18;0;2327
2026-09-11T18:22:37.439388725;1.5;0.6;18;0;2327
2026-09-11T18:22:38.514038046;1.5;0.6;18;0;2327
2026-09-11T18:22:39.597487871;1.5;0.6;18;0;2327
2026-09-11T18:22:40.678916528;1.5;0.6;18;0;2327
2026-09-11T18:22:41.748223389;1.5;0.6;18;0;2327
2026-09-11T18:22:42.818370698;1.5;0.6;18;0;2327
2026-09-11T18:22:43.885859966;1.5;0.6;18;0;2327
2026-09-11T18:22:44.968904064;1.5;0.6;18;0;2327
2026-09-11T18:22:46.53986342;1.5;0.6;18;0;2327
2026-09-11T18:22:47.137153823;1.5;0.6;18;0;2327
2026-09-11T18:22:48.214630711;1.5;0.6;18;0;2327
2026-09-11T18:22:49.295303693;1.5;0.6;18;0;2327
2026-09-11T18:22:50.358688540;1.5;0.6;18;0;2327
2026-09-11T18:22:51.427124905;1.5;0.6;18;0;2327
2026-09-11T18:22:52.506345084;1.5;0.6;18;0;2327
2026-09-11T18:22:53.583662797;1.5;0.6;18;0;2327
2026-09-11T18:22:54.673263047;1.5;0.6;18;0;2327
2026-09-11T18:22:55.750548643;1.5;0.6;18;0;2327
2026-09-11T18:22:56.826803816;1.5;0.6;18;0;2327
2026-09-11T18:22:57.900432831;1.5;0.6;18;0;2327
2026-09-11T18:22:58.997031098;1.5;0.6;18;0;2327
2026-09-11T18:23:00.68278879;1.5;0.6;18;0;2327
2026-09-11T18:23:01.138447179;1.5;0.6;18;0;2327
2026-09-11T18:23:02.201208854;1.5;0.6;18;0;2327
2026-09-11T18:23:03.266706941;1.5;0.6;18;0;2327
2026-09-11T18:23:04.331009240;1.5;0.6;18;0;2327
2026-09-11T18:23:05.395397158;1.5;0.6;18;0;2327
2026-09-11T18:23:06.465157838;1.5;0.6;18;0;2327
2026-09-11T18:23:07.530456962;1.5;0.6;18;0;2327
2026-09-11T18:23:08.594397612;1.5;0.6;18;0;2327
2026-09-11T18:23:09.675955467;1.5;0.6;18;0;2327
2026-09-11T18:23:10.741010983;1.5;0.6;18;0;2327
2026-09-11T18:23:11.808417450;1.5;0.6;18;0;2327
2026-09-11T18:23:12.873321274;1.5;0.6;18;0;2327
2026-09-11T18:23:13.941823086;1.5;0.6;18;0;2327
2026-09-11T18:23:15.12431536;1.5;0.6;18;0;2327
2026-09-11T18:23:16.85137622;1.5;0.6;18;0;2327
2026-09-11T18:23:17.153118818;1.5;0.6;18;0;2327
2026-09-11T18:23:18.224725347;1.5;0.6;18;0;2327
2026-09-11T18:23:19.293873012;1.5;0.6;18;0;2327
2026-09-11T18:23:20.373601647;1.5;0.6;18;0;2327
2026-09-11T18:23:21.445745649;1.5;0.6;18;0;2327
2026-09-11T18:23:22.519263718;1.5;0.6;18;0;2327
2026-09-11T18:23:23.592864664;1.5;0.6;18;0;2327
2026-09-11T18:23:24.692065702;1.5;0.6;18;0;2327
2026-09-11T18:23:25.761659907;1.5;0.6;18;0;2327
2026-09-11T18:23:26.826706018;1.5;0.6;18;0;2327
2026-09-11T18:23:27.892758489;1.5;0.6;18;0;2327
2026-09-11T18:23:28.973432795;1.5;0.6;18;0;2327
2026-09-11T18:23:30.42627983;1.5;0.6;18;0;2327
2026-09-11T18:23:31.117976183;1.5;0.6;18;0;2327
2026-09-11T18:23:32.188045442;1.5;0.6;18;0;2327
2026-09-11T18:23:33.256934180;1.5;0.6;18;0;2327
2026-09-11T18:23:34.320451356;1.5;0.6;18;0;2327
2026-09-11T18:23:35.388451351;1.5;0.6;18;0;2327
2026-09-11T18:23:36.463986267;1.5;0.6;18;0;2327
2026-09-11T18:23:37.527606157;1.5;0.6;18;0;2327
2026-09-11T18:23:38.593419487;1.5;0.6;18;0;2327
2026-09-11T18:23:39.661019288;1.5;0.6;18;0;2327
2026-09-11T18:23:40.731329346;1.5;0.6;18;0;2327
2026-09-11T18:23:41.796445116;1.5;0.6;18;0;2327
2026-09-11T18:23:42.867129675;1.5;0.6;18;0;2327
2026-09-11T18:23:43.936257843;1.5;0.6;18;0;2327
2026-09-11T18:23:45.376804;1.5;0.6;18;0;2327
2026-09-11T18:23:46.65700306;1.5;0.6;18;0;2327
2026-09-11T18:23:47.133640679;1.5;0.6;18;0;2327
2026-09-11T18:23:48.201387005;1.5;0.6;18;0;2327
2026-09-11T18:23:49.267635411;1.5;0.6;18;0;2327
2026-09-11T18:23:50.342283123;1.5;0.6;18;0;2327
2026-09-11T18:23:51.419242796;1.5;0.6;18;0;2327
2026-09-11T18:23:52.485082936;1.5;0.6;18;0;2327
2026-09-11T18:23:53.554440548;1.5;0.6;18;0;2327
2026-09-11T18:23:54.623034654;1.5;0.6;18;0;2327
2026-09-11T18:23:55.691468954;1.5;0.6;18;0;2327
2026-09-11T18:23:56.792143536;1.5;0.6;18;0;2327
2026-09-11T18:23:57.910752464;1.5;0.6;18;0;2327
2026-09-11T18:23:58.990312920;1.5;0.6;18;0;2327
2026-09-11T18:24:00.110947904;1.5;0.6;18;0;0
2026-09-11T18:24:02.559800179;1.5;0.6;18;0;0
2026-09-11T18:24:05.423747712;1.5;0.6;18;0;0
2026-09-11T18:24:06.764395038;1.5;0.6;18;0;0
2026-09-11T18:24:08.786767975;1.5;0.6;18;0;0
2026-09-11T18:24:10.957010136;1.5;0.6;18;0;0
2026-09-11T18:24:13.146798904;1.5;0.6;18;0;0
2026-09-11T18:24:15.508434973;1.5;0.6;18;0;0
2026-09-11T18:24:17.517897367;1.5;0.6;18;0;0
2026-09-11T18:24:18.831006217;1.5;0.6;18;0;0
2026-09-11T18:24:20.974210283;1.5;0.6;18;0;0
2026-09-11T18:24:23.313763412;1.5;0.6;18;0;0
2026-09-11T18:24:25.303977223;1.5;0.6;18;0;0
2026-09-11T18:24:27.314158948;1.5;0.6;18;0;0
2026-09-11T18:24:29.368320896;1.5;0.6;18;0;0
2026-09-11T18:24:31.438885099;1.5;0.6;18;0;0
2026-09-11T18:24:33.551652904;1.5;0.6;18;0;0
2026-09-11T18:24:35.646084693;1.5;0.6;18;0;0
2026-09-11T18:24:38.120723682;1.5;0.6;18;0;0
2026-09-11T18:24:40.253748157;1.5;0.6;18;0;0
2026-09-11T18:24:42.243226782;1.5;0.6;18;0;0
2026-09-11T18:24:44.353238798;1.5;0.6;18;0;0
2026-09-11T18:24:45.929440023;1.5;0.6;18;0;0
2026-09-11T18:24:48.247677502;1.5;0.6;18;0;0
2026-09-11T18:24:50.318882175;1.5;0.6;18;0;0
2026-09-11T18:24:52.340349642;1.5;0.6;18;0;0
2026-09-11T18:24:54.360423793;1.5;0.6;18;0;0
2026-09-11T18:24:56.431957587;1.5;0.6;18;0;0
2026-09-11T18:24:58.598382659;1.5;0.6;18;0;0
2026-09-11T18:24:59.977166608;1.5;0.6;18;0;0
2026-09-11T18:25:02.18960719;1.5;0.6;18;0;0
2026-09-11T18:25:04.335191269;1.5;0.6;18;0;0
2026-09-11T18:25:06.351465310;1.5;0.6;18;0;0
2026-09-11T18:25:08.399366762;1.5;0.6;18;0;0
2026-09-11T18:25:10.475251371;1.5;0.6;18;0;0
2026-09-11T18:25:12.430966998;1.5;0.6;18;0;0
2026-09-11T18:25:14.375497052;1.5;0.6;18;0;0
2026-09-11T18:25:15.683863236;1.5;0.6;18;0;0
2026-09-11T18:25:17.680081576;1.5;0.6;18;0;0
2026-09-11T18:25:19.795096037;1.4;0.6;18;0;0
2026-09-11T18:25:22.107828136;1.4;0.6;18;0;0
2026-09-11T18:25:24.61047864;1.4;0.6;18;0;0
2026-09-11T18:25:25.353478934;1.4;0.6;18;0;0
2026-09-11T18:25:27.316666458;1.4;0.6;18;0;0
2026-09-11T18:25:29.286696865;1.4;0.6;18;0;0
2026-09-11T18:25:31.345739049;1.4;0.6;18;0;0
2026-09-11T18:25:33.312852190;1.4;0.6;18;0;0
2026-09-11T18:25:35.293885194;1.4;0.6;18;0;0
2026-09-11T18:25:37.264652221;1.4;0.6;18;0;0
2026-09-11T18:25:39.251796177;1.4;0.6;18;0;0
2026-09-11T18:25:41.210407932;1.4;0.6;18;0;0
2026-09-11T18:25:43.215567362;1.4;0.6;18;0;0
2026-09-11T18:25:45.197696703;1.4;0.6;18;0;0
2026-09-11T18:25:47.170114505;1.4;0.6;18;0;0
2026-09-11T18:25:49.149492018;1.4;0.6;18;0;0
2026-09-11T18:25:51.116065340;1.4;0.6;18;0;0
2026-09-11T18:25:53.99642450;1.4;0.6;18;0;0
2026-09-11T18:25:55.50049997;1.4;0.6;18;0;0
2026-09-11T18:25:57.5459930;1.4;0.6;18;0;0
2026-09-11T18:25:58.983444390;1.4;0.6;18;0;0
2026-09-11T18:26:00.280068330;1.4;0.6;18;0;0
2026-09-11T18:26:01.602877905;1.4;0.6;18;0;0
2026-09-11T18:26:03.772684489;1.4;0.6;18;0;0
2026-09-11T18:26:05.935556975;1.4;0.6;18;0;0
2026-09-11T18:26:08.126156576;1.4;0.6;18;0;0
2026-09-11T18:26:10.414314224;1.4;0.6;18;0;0
2026-09-11T18:26:12.645310365;1.4;0.6;18;0;0
2026-09-11T18:26:15.668082070;1.4;0.6;18;0;0
2026-09-11T18:26:18.534776324;1.4;0.6;18;0;0
2026-09-11T18:26:20.678764644;1.4;0.6;18;0;0
2026-09-11T18:26:22.712932698;1.4;0.6;18;0;0
2026-09-11T18:26:24.737700072;1.4;0.6;18;0;0
2026-09-11T18:26:26.756756016;1.4;0.6;18;0;0
2026-09-11T18:26:28.157423978;1.4;0.6;18;0;0
2026-09-11T18:26:30.153251428;1.4;0.6;18;0;0
2026-09-11T18:26:32.422532975;1.4;0.6;18;0;0
2026-09-11T18:26:34.957191189;1.4;0.6;18;0;0
2026-09-11T18:26:37.484794971;1.4;0.6;18;0;0
2026-09-11T18:26:39.826018151;1.4;0.6;18;0;0
2026-09-11T18:26:42.184441797;1.4;0.6;18;0;0
2026-09-11T18:26:44.408443441;1.4;0.6;18;0;0
2026-09-11T18:26:46.523123474;1.4;0.6;18;0;0
2026-09-11T18:26:48.775212091;1.4;0.6;18;0;0
2026-09-11T18:26:50.976619871;1.4;0.6;18;0;0
2026-09-11T18:26:52.971143261;1.4;0.6;18;0;0
2026-09-11T18:26:55.108393395;1.4;0.6;18;0;0
2026-09-11T18:26:57.232133109;1.4;0.6;18;0;0
2026-09-11T18:26:59.208402775;1.4;0.6;18;0;0
2026-09-11T18:27:01.300051448;1.4;0.6;18;0;0
2026-09-11T18:27:03.273546088;1.4;0.6;18;0;0
2026-09-11T18:27:05.270324117;1.4;0.6;18;0;0
2026-09-11T18:27:07.324257600;1.4;0.6;18;0;0
2026-09-11T18:27:09.450316369;1.4;0.6;18;0;0
2026-09-11T18:27:11.440210485;1.4;0.6;18;0;0
2026-09-11T18:27:13.421440169;1.4;0.6;18;0;0
2026-09-11T18:27:15.402339170;1.4;0.6;18;0;0
2026-09-11T18:27:17.405917173;1.4;0.6;18;0;0
2026-09-11T18:27:19.398765612;1.4;0.6;18;0;0
2026-09-11T18:27:21.372708546;1.4;0.6;18;0;0
2026-09-11T18:27:23.343348832;1.4;0.6;18;0;0
2026-09-11T18:27:25.316930086;1.4;0.6;18;0;0
2026-09-11T18:27:27.288100077;1.4;0.6;18;0;0
2026-09-11T18:27:29.261149647;1.4;0.6;18;0;0
2026-09-11T18:27:31.249191459;1.4;0.6;18;0;0
2026-09-11T18:27:33.218102429;1.4;0.6;18;0;0
2026-09-11T18:27:35.204542993;1.4;0.6;18;0;0
2026-09-11T18:27:37.152199645;1.4;0.6;18;0;0
2026-09-11T18:27:39.131339466;1.4;0.6;18;0;0
2026-09-11T18:27:41.140474301;1.4;0.6;18;0;0
2026-09-11T18:27:43.299604119;1.4;0.6;18;0;0
2026-09-11T18:27:45.270460139;1.4;0.6;18;0;0
2026-09-11T18:27:47.235283625;1.4;0.6;18;0;0
2026-09-11T18:27:49.201975404;1.4;0.6;18;0;0
2026-09-11T18:27:51.184723786;1.4;0.6;18;0;0
2026-09-11T18:27:53.160497727;1.4;0.6;18;0;0
2026-09-11T18:27:55.146878509;1.4;0.6;18;0;0
2026-09-11T18:27:57.178748504;1.4;0.6;18;0;0
2026-09-11T18:27:59.593201506;1.4;0.6;18;0;0
2026-09-11T18:28:01.579998995;1.4;0.6;18;0;0
2026-09-11T18:28:03.529639459;1.4;0.6;18;0;0
2026-09-11T18:28:04.817589797;1.4;0.6;18;0;0
2026-09-11T18:28:06.813365376;1.4;0.6;18;0;0
2026-09-11T18:28:08.856248111;1.4;0.6;18;0;0
2026-09-11T18:28:10.854147526;1.4;0.6;18;0;0
2026-09-11T18:28:12.851676984;1.4;0.6;18;0;0
2026-09-11T18:28:14.914971868;1.4;0.6;18;0;0
2026-09-11T18:28:16.923429493;1.4;0.6;18;0;0
2026-09-11T18:28:18.889841668;1.4;0.6;18;0;0
2026-09-11T18:28:20.929888880;1.4;0.6;18;0;0
2026-09-11T18:28:22.948505159;1.4;0.6;18;0;0
2026-09-11T18:28:24.975561111;1.4;0.6;18;0;0
2026-09-11T18:28:26.969222555;1.4;0.6;18;0;0
2026-09-11T18:28:28.980428205;1.4;0.6;18;0;0
2026-09-11T18:28:30.964240176;1.4;0.6;18;0;0
2026-09-11T18:28:32.944410590;1.4;0.6;18;0;0
2026-09-11T18:28:34.907764565;1.4;0.6;18;0;0
2026-09-11T18:28:36.884580573;1.4;0.6;18;0;0
2026-09-11T18:28:38.900188237;1.4;0.6;18;0;0
2026-09-11T18:28:40.858964931;1.4;0.6;18;0;0
2026-09-11T18:28:42.821479385;1.4;0.6;18;0;0
2026-09-11T18:28:44.805343209;1.4;0.6;18;0;0
2026-09-11T18:28:46.909179814;1.4;0.6;18;0;0
2026-09-11T18:28:48.910241832;1.4;0.6;18;0;0
2026-09-11T18:28:50.884824282;1.4;0.6;18;0;0
2026-09-11T18:28:52.873068387;1.4;0.6;18;0;0
2026-09-11T18:28:54.830633573;1.4;0.6;18;0;0
2026-09-11T18:28:56.841406707;1.4;0.6;18;0;0
2026-09-11T18:28:58.864047972;1.4;0.6;18;0;0
2026-09-11T18:29:00.822402151;1.4;0.6;18;0;0
2026-09-11T18:29:02.792884872;1.4;0.6;18;0;0
2026-09-11T18:29:04.760378341;1.4;0.6;18;0;0
2026-09-11T18:29:06.717376417;1.4;0.6;18;0;0
2026-09-11T18:29:08.738372771;;0;0
2026-09-11T18:29:11.3115462;;0;0
2026-09-11T18:29:12.339175607;;3;69
2026-09-11T18:29:13.509481125;;0;0
2026-09-11T18:29:15.708177984;;0;8
2026-09-11T18:29:17.101755493;;0;0
2026-09-11T18:29:19.168819033;;0;0
2026-09-11T18:29:21.217185984;;0;0
2026-09-11T18:29:23.269667992;;0;0
2026-09-11T18:29:25.352372834;;1;69
2026-09-11T18:29:26.438693483;;0;0
2026-09-11T18:29:27.710003794;;0;0
2026-09-11T18:29:29.247287216;;0;0
2026-09-11T18:29:30.486069410;;0;0
2026-09-11T18:29:32.538370523;;0;0
2026-09-11T18:29:34.493465759;;0;0
2026-09-11T18:29:36.475948640;;0;0
2026-09-11T18:29:37.753825483;;0;0
2026-09-11T18:29:39.909596844;;0;0
2026-09-11T18:29:41.899961913;;0;0
2026-09-11T18:29:43.867244879;;0;0
2026-09-11T18:29:45.866265513;;0;0
2026-09-11T18:29:47.457332866;;0;0
2026-09-11T18:29:49.432519313;;0;0
2026-09-11T18:29:51.430253811;;0;0
2026-09-11T18:29:53.380406025;;0;0
2026-09-11T18:29:54.737753460;;0;0
2026-09-11T18:29:56.807903399;;0;0
2026-09-11T18:29:58.870662998;;0;0
2026-09-11T18:30:00.929926334;;0;0
2026-09-11T18:30:02.902629620;;0;0
2026-09-11T18:30:04.939929460;;0;0
2026-09-11T18:30:07.111271955;;0;0
2026-09-11T18:30:10.7125503;;0;0
2026-09-11T18:30:12.384124188;;0;0
2026-09-11T18:30:14.512041019;;0;0
2026-09-11T18:30:17.2392354;;0;0
2026-09-11T18:30:19.473480788;;0;0
2026-09-11T18:30:21.490695023;;0;0
2026-09-11T18:30:23.824970731;;0;0
2026-09-11T18:30:26.752922386;;0;0
2026-09-11T18:30:29.248400398;;0;0
2026-09-11T18:30:31.872554940;;0;0
2026-09-11T18:30:34.505416348;;0;0
2026-09-11T18:30:36.983676721;;0;0
2026-09-11T18:30:39.252001285;;0;0
2026-09-11T18:30:41.519577223;;0;0
2026-09-11T18:30:43.768851470;;0;0
2026-09-11T18:30:46.75167948;;0;0
2026-09-11T18:30:48.445339732;;0;0
2026-09-11T18:30:50.641316709;;0;0
2026-09-11T18:30:52.948132611;;0;0
2026-09-11T18:30:54.958165395;;0;0
2026-09-11T18:30:56.623081940;;0;0
2026-09-11T18:30:59.116612186;;0;0
2026-09-11T18:31:01.149334855;;0;0
2026-09-11T18:31:03.246208045;;0;0
2026-09-11T18:31:05.265446258;;0;0
2026-09-11T18:31:07.305364066;;0;0
2026-09-11T18:31:09.405346707;;0;0
2026-09-11T18:31:10.796417730;;0;0
2026-09-11T18:31:12.782716936;;0;0
2026-09-11T18:31:14.819072748;;0;0
2026-09-11T18:31:16.844153149;;0;0
2026-09-11T18:31:20.195045235;;0;0
2026-09-11T18:31:21.662549581;;0;0
2026-09-11T18:31:24.265214276;;0;0
2026-09-11T18:31:26.288792505;;0;0
2026-09-11T18:31:28.276099201;;0;0
2026-09-11T18:31:30.349895186;;0;0
2026-09-11T18:31:33.794469006;;0;0
2026-09-11T18:31:35.799325478;;0;0
2026-09-11T18:31:38.160058610;;0;0
2026-09-11T18:31:40.170931369;;0;0
2026-09-11T18:31:42.189298351;;0;0
2026-09-11T18:31:44.177530198;;0;0
2026-09-11T18:31:46.236720889;;0;0
2026-09-11T18:31:48.487093697;;0;0
2026-09-11T18:31:50.602707918;;0;0
2026-09-11T18:31:52.580393538;;0;0
2026-09-11T18:31:54.599363930;;0;0
2026-09-11T18:31:56.631025158;;0;0
2026-09-11T18:31:57.946982812;;0;0
2026-09-11T18:31:59.911435838;;0;0
2026-09-11T18:32:01.885788458;;0;0
2026-09-11T18:32:03.963624821;;0;0
2026-09-11T18:32:06.112237211;;0;0
2026-09-11T18:32:08.834146124;;0;0
2026-09-11T18:32:11.180156254;;0;19
2026-09-11T18:32:12.546663838;;0;69
2026-09-11T18:32:13.902609813;;0;69
2026-09-11T18:32:15.973253887;;23;1813
2026-09-11T18:32:17.270304485;;0;1813
2026-09-11T18:32:18.541495947;;0;1813
2026-09-11T18:32:20.33412247;;0;1813
2026-09-11T18:32:21.989299612;;0;1813
2026-09-11T18:32:24.221643850;;0;1813
2026-09-11T18:32:25.909436197;;0;1813
2026-09-11T18:32:27.360922730;;2;1813
2026-09-11T18:32:28.999083580;;3;1813
2026-09-11T18:32:30.553389865;;1;1813
2026-09-11T18:32:32.50174495;;1;1813
2026-09-11T18:32:33.351758686;;0;1813
2026-09-11T18:32:35.213708991;;1;1813
2026-09-11T18:32:36.606031742;;1;1813
2026-09-11T18:32:38.705235184;;0;1813
2026-09-11T18:32:40.270839799;;1;1813
2026-09-11T18:32:41.990191005;;6;1813
2026-09-11T18:32:43.770010228;;0;1813
2026-09-11T18:32:46.647395180;;1;1813
2026-09-11T18:32:49.782232602;;4;1813
2026-09-11T18:32:51.324609087;;5;1813
2026-09-11T18:32:53.781900813;;2;1813
2026-09-11T18:32:55.348908365;;4;1813
2026-09-11T18:32:57.496106426;;15;1813
2026-09-11T18:32:58.740973824;;2;1813
2026-09-11T18:33:00.235044447;;10;1813
2026-09-11T18:33:01.839742209;;9;1813
2026-09-11T18:33:03.110469670;;21;1813
2026-09-11T18:33:04.307769763;;0;1813
2026-09-11T18:33:05.465197148;;0;1813
2026-09-11T18:33:06.793965637;;0;1813
2026-09-11T18:33:08.285755865;;0;1813
2026-09-11T18:33:09.733786125;;0;1813
2026-09-11T18:33:11.226933979;;0;1813
2026-09-11T18:33:12.651552234;;0;1813
2026-09-11T18:33:13.971952182;;0;1813
2026-09-11T18:33:15.927278587;;0;1813
2026-09-11T18:33:17.605096027;;0;1813
2026-09-11T18:33:18.817661637;;47;2299
2026-09-11T18:33:20.159244010;;1;2309
2026-09-11T18:33:21.325944490;;0;2315
2026-09-11T18:33:22.691171105;;0;2315
2026-09-11T18:33:23.839899304;;2;2315
2026-09-11T18:33:25.202117567;;41;2315
2026-09-11T18:33:26.571913201;;0;2315
2026-09-11T18:33:27.977245165;;0;2315
2026-09-11T18:33:29.713840147;;0;2315
2026-09-11T18:33:30.929418992;;0;2315
2026-09-11T18:33:32.77841054;;0;2315
2026-09-11T18:33:33.157938269;;0;2315
2026-09-11T18:33:34.349062294;;0;2315
2026-09-11T18:33:35.532330804;;0;2315
2026-09-11T18:33:37.425413727;;0;2315
2026-09-11T18:33:38.904254207;;0;2315
2026-09-11T18:33:40.53930908;;0;2315
2026-09-11T18:33:41.299383937;;0;2315
2026-09-11T18:33:42.442941792;;0;2315
2026-09-11T18:33:43.583972260;;0;2315
2026-09-11T18:33:44.692231509;;0;2315
2026-09-11T18:33:45.799753929;;0;2315
2026-09-11T18:33:46.876242628;;0;2315
2026-09-11T18:33:47.965142662;;0;2315
2026-09-11T18:33:49.932852194;;0;2315
2026-09-11T18:33:51.122813453;;0;2315
2026-09-11T18:33:52.347434857;;0;2315
2026-09-11T18:33:54.44330725;;0;2315
2026-09-11T18:33:55.219408034;;0;2315
2026-09-11T18:33:56.314957996;;0;2315
2026-09-11T18:33:57.685316552;;0;2315
2026-09-11T18:33:58.816345808;;0;2315
2026-09-11T18:33:59.919320653;;0;2315
2026-09-11T18:34:01.24276504;;0;2315
2026-09-11T18:34:02.136500957;;0;2315
2026-09-11T18:34:03.538242161;;0;2315
2026-09-11T18:34:04.693719953;;0;2315
2026-09-11T18:34:05.868254177;;0;2315
2026-09-11T18:34:07.190962305;;0;2315
2026-09-11T18:34:08.498429506;;0;2315
2026-09-11T18:34:09.705232730;;0;2315
2026-09-11T18:34:10.859714578;;0;2315
2026-09-11T18:34:11.963181249;;0;2315
2026-09-11T18:34:13.61310879;;0;2315
2026-09-11T18:34:14.143490209;;0;2315
2026-09-11T18:34:15.270481345;;0;2315
2026-09-11T18:34:16.393824519;;0;2315
2026-09-11T18:34:17.487910967;;0;2315
2026-09-11T18:34:18.583391553;;0;2315
2026-09-11T18:34:19.683387274;;0;2315
2026-09-11T18:34:20.837780188;;0;2315
2026-09-11T18:34:22.261008777;;0;2315
2026-09-11T18:34:23.456976392;;0;2315
2026-09-11T18:34:24.538280227;;0;2315
2026-09-11T18:34:25.610259661;;0;2315
2026-09-11T18:34:26.680195766;;0;2315
2026-09-11T18:34:27.778654186;;0;2315
2026-09-11T18:34:28.855265260;;0;2315
2026-09-11T18:34:29.936341721;;0;2315
2026-09-11T18:34:31.36104848;;0;2315
2026-09-11T18:34:32.169494869;;0;2315
2026-09-11T18:34:33.301102532;;0;2315
2026-09-11T18:34:34.400279685;;0;2315
2026-09-11T18:34:35.538240583;;0;2315
2026-09-11T18:34:36.710021943;;0;2315
2026-09-11T18:34:37.824371340;;0;2315
2026-09-11T18:34:38.965380565;;0;2315
2026-09-11T18:34:40.38646130;;0;2315
2026-09-11T18:34:41.182768393;;0;2315
2026-09-11T18:34:42.253175522;;0;2315
2026-09-11T18:34:43.328616085;;0;2315
2026-09-11T18:34:44.422832135;;0;2315
2026-09-11T18:34:45.609801465;;0;2315
2026-09-11T18:34:46.708520666;;0;2315
2026-09-11T18:34:47.799252841;;0;2315
2026-09-11T18:34:48.891092047;;0;2315
2026-09-11T18:34:49.969267426;;0;2315
2026-09-11T18:34:51.43449229;;0;2315
2026-09-11T18:34:52.127484247;;0;2315
2026-09-11T18:34:53.234677513;;0;2315
2026-09-11T18:34:54.300090574;;0;2315
2026-09-11T18:34:55.368330523;;0;2315
2026-09-11T18:34:56.549640193;;0;2315
2026-09-11T18:34:57.660376500;;0;2315
2026-09-11T18:34:58.729269934;;0;2315
2026-09-11T18:34:59.808986760;;0;2315
2026-09-11T18:35:00.897085457;;0;2315
2026-09-11T18:35:01.979098667;;0;2315
2026-09-11T18:35:03.53156433;;0;2315
2026-09-11T18:35:04.165908002;;0;2315
2026-09-11T18:35:05.256149410;;0;2315
2026-09-11T18:35:06.329085550;;0;2315
2026-09-11T18:35:07.427911627;;0;2315
2026-09-11T18:35:08.492608760;;0;2315
2026-09-11T18:35:09.581466949;;0;2315
2026-09-11T18:35:10.800149494;;0;2315
2026-09-11T18:35:11.895602052;;0;2315
2026-09-11T18:35:13.436209188;;0;2315
2026-09-11T18:35:14.620156850;;0;2315
2026-09-11T18:35:15.721583653;;0;2315
2026-09-11T18:35:16.799732610;;0;2315
2026-09-11T18:35:17.977865137;;0;2315
2026-09-11T18:35:19.84737047;;0;2315
2026-09-11T18:35:20.164861182;;0;2315
2026-09-11T18:35:21.236383378;;0;2315
2026-09-11T18:35:22.317418651;;0;2315
2026-09-11T18:35:23.430007580;;0;2315
2026-09-11T18:35:24.508159076;;0;2315
2026-09-11T18:35:25.583924786;;0;2315
2026-09-11T18:35:26.721700240;;0;2315
2026-09-11T18:35:27.788682430;;0;2315
2026-09-11T18:35:28.864447409;;0;2315
2026-09-11T18:35:29.972505657;;0;2315
2026-09-11T18:35:31.54177180;;0;2315
2026-09-11T18:35:32.135708363;;0;2315
2026-09-11T18:35:33.296281837;;0;2315
2026-09-11T18:35:34.362921571;;0;2315
2026-09-11T18:35:35.432193812;;0;2315
2026-09-11T18:35:36.516861507;;0;2315
2026-09-11T18:35:37.607831717;;0;2315
2026-09-11T18:35:38.667519636;;0;2315
2026-09-11T18:35:39.750284089;;0;2315
2026-09-11T18:35:40.828655459;;0;2315
2026-09-11T18:35:41.920447058;;0;2315
2026-09-11T18:35:43.12245356;;0;2315
2026-09-11T18:35:44.90078899;;0;2315
2026-09-11T18:35:45.160074460;;0;2315
2026-09-11T18:35:46.233046518;;0;2315
2026-09-11T18:35:47.317491301;;0;2315
2026-09-11T18:35:48.399703025;;0;2315
2026-09-11T18:35:49.615691859;;0;2315
2026-09-11T18:35:50.913293687;;0;2315
2026-09-11T18:35:52.11187224;;0;2315
2026-09-11T18:35:53.100926463;;0;2315
2026-09-11T18:35:54.214476694;;0;2315
2026-09-11T18:35:55.295017658;;0;2315
2026-09-11T18:35:56.376637983;;0;2315
2026-09-11T18:35:57.467438783;;0;2315
2026-09-11T18:35:58.560014848;;0;2315
2026-09-11T18:35:59.630897833;;0;2315
2026-09-11T18:36:00.729266822;;0;2315
2026-09-11T18:36:01.898688225;;0;2315
2026-09-11T18:36:03.204155301;;0;2315
2026-09-11T18:36:04.283308685;;0;2315
2026-09-11T18:36:05.498119202;;0;2315
2026-09-11T18:36:06.594030098;;0;2315
2026-09-11T18:36:07.726332608;;0;2315
2026-09-11T18:36:08.805473781;;0;2315
2026-09-11T18:36:09.893046994;;0;2315
2026-09-11T18:36:11.42054907;;0;2315
2026-09-11T18:36:12.124520455;;0;2315
2026-09-11T18:36:13.223228999;;0;2315
2026-09-11T18:36:14.313115172;;0;2315
2026-09-11T18:36:15.421949759;;0;2315
2026-09-11T18:36:16.684877590;;0;2315
2026-09-11T18:36:17.809911184;;0;2315
2026-09-11T18:36:18.927346849;;0;2315
2026-09-11T18:36:20.4840666;;0;2315
2026-09-11T18:36:21.148940381;;0;2315
2026-09-11T18:36:22.222468561;;0;2315
2026-09-11T18:36:23.291316452;;0;2315
2026-09-11T18:36:24.370275835;;0;2315
2026-09-11T18:36:25.444322751;;0;2315
2026-09-11T18:36:26.545415876;;0;2315
2026-09-11T18:36:27.632820905;;0;2315
2026-09-11T18:36:28.745658705;;0;2315
2026-09-11T18:36:30.3312752;;0;2315
2026-09-11T18:36:31.107685417;;0;2315
2026-09-11T18:36:32.241108685;;0;2315
2026-09-11T18:36:33.314067872;;0;2315
2026-09-11T18:36:34.384166033;;0;2315
2026-09-11T18:36:35.451395209;;0;2315
2026-09-11T18:36:36.578168080;;0;2315
2026-09-11T18:36:37.661004596;;0;2315
2026-09-11T18:36:38.732514310;;0;2315
2026-09-11T18:36:39.802265885;;0;2315
2026-09-11T18:36:40.870208119;;0;2315
2026-09-11T18:36:41.938394877;;0;2315
2026-09-11T18:36:43.5068841;;0;2315
2026-09-11T18:36:44.83852942;;0;2315
2026-09-11T18:36:45.345280491;;0;2315
2026-09-11T18:36:46.417016994;;0;2315
2026-09-11T18:36:47.493769374;;0;2315
2026-09-11T18:36:48.571333817;;0;2315
2026-09-11T18:36:49.635824573;;0;2315
2026-09-11T18:36:50.713881990;;0;2315
2026-09-11T18:36:51.784183509;;0;2315
2026-09-11T18:36:52.851582429;;0;2315
2026-09-11T18:36:53.919739168;;0;2315
2026-09-11T18:36:54.989725295;;0;2315
2026-09-11T18:36:56.67250886;;0;2315
2026-09-11T18:36:57.158091892;;0;2315
2026-09-11T18:36:58.239915109;;0;2315
2026-09-11T18:36:59.374839155;;0;2315
2026-09-11T18:37:00.480769942;;0;2315
2026-09-11T18:37:01.623931660;;0;2315
2026-09-11T18:37:03.443194638;;0;2315
2026-09-11T18:37:04.580626338;;0;2315
2026-09-11T18:37:05.832355912;;0;2315
2026-09-11T18:37:06.927185380;;0;2315
2026-09-11T18:37:08.498788526;;0;2315
2026-09-11T18:37:09.591710916;;0;2315
2026-09-11T18:37:11.692835758;;0;2315
2026-09-11T18:37:12.797012082;;0;2315
2026-09-11T18:37:14.234581831;;0;2315
2026-09-11T18:37:15.313517407;;0;2315
2026-09-11T18:37:16.382332844;;0;2315
2026-09-11T18:37:17.460861123;;0;2315
2026-09-11T18:37:18.536417837;;0;2315
2026-09-11T18:37:19.602165462;;0;2315
2026-09-11T18:37:21.146365793;;0;2315
2026-09-11T18:37:22.215702483;;0;2315
2026-09-11T18:37:23.285960751;;0;2315
2026-09-11T18:37:24.358401902;;0;2315
2026-09-11T18:37:25.445243843;;0;2315
2026-09-11T18:37:26.515093920;;0;2315
2026-09-11T18:37:27.587442193;;0;2315
2026-09-11T18:37:28.656707914;;0;2315
2026-09-11T18:37:29.722609075;;0;2315
2026-09-11T18:37:30.796965296;;0;2315
2026-09-11T18:37:31.870111987;;0;2315
2026-09-11T18:37:32.939622448;;0;2315
2026-09-11T18:37:34.12763131;;0;2315
2026-09-11T18:37:35.82752450;;0;2315
2026-09-11T18:37:36.158523659;;0;2315
2026-09-11T18:37:37.230242218;;0;2315
2026-09-11T18:37:38.303056843;;0;2315
2026-09-11T18:37:39.368215483;;0;2315
2026-09-11T18:37:40.449662192;;0;2315
2026-09-11T18:37:41.525462686;;0;2315
2026-09-11T18:37:42.599713487;;0;2315
2026-09-11T18:37:43.668566807;;0;2315
2026-09-11T18:37:44.743546692;;0;2315
2026-09-11T18:37:45.821476127;;0;2315
2026-09-11T18:37:46.894502956;;0;2315
2026-09-11T18:37:47.963843499;;0;2315
2026-09-11T18:37:49.42262437;;0;2315
2026-09-11T18:37:50.115319857;;0;2315
2026-09-11T18:37:51.188090751;;0;2315
2026-09-11T18:37:52.256132076;;0;2315
2026-09-11T18:37:53.333772554;;0;2315
2026-09-11T18:37:54.400505208;;0;2315
2026-09-11T18:37:55.467236342;;0;2315
2026-09-11T18:37:56.554768329;;0;2315
2026-09-11T18:37:57.625436497;;0;2315
2026-09-11T18:37:58.695530470;;0;2315
2026-09-11T18:37:59.761299343;;0;2315
2026-09-11T18:38:00.832043825;;0;2315
2026-09-11T18:38:01.925520330;;0;2315
2026-09-11T18:38:02.994632972;;0;2315
2026-09-11T18:38:04.90130283;;0;2315
2026-09-11T18:38:05.169168337;;0;2315
2026-09-11T18:38:06.236484916;;0;2315
2026-09-11T18:38:07.305433348;;0;2315
2026-09-11T18:38:08.375598268;;0;2315
2026-09-11T18:38:09.432877624;;0;2315
2026-09-11T18:38:10.501508538;;0;2315
2026-09-11T18:38:11.574265303;;0;2315
2026-09-11T18:38:12.648269041;;0;2315
2026-09-11T18:38:13.714214100;;0;2315
2026-09-11T18:38:14.785142604;;0;2315
2026-09-11T18:38:15.876713847;;0;2315
2026-09-11T18:38:16.945273893;;0;2315
2026-09-11T18:38:18.10336016;;0;2315
2026-09-11T18:38:19.87454750;;0;2315
2026-09-11T18:38:20.163554800;;0;2315
2026-09-11T18:38:21.249275265;;0;2315
2026-09-11T18:38:22.322011563;;0;2315
2026-09-11T18:38:23.401189293;;0;2315
2026-09-11T18:38:24.465271681;;0;2315
2026-09-11T18:38:25.533138241;;0;2315
2026-09-11T18:38:26.599074181;;0;0
2026-09-11T18:38:29.40156137;;0;0
2026-09-11T18:38:31.849561141;;0;0
2026-09-11T18:38:33.829010025;;0;0
2026-09-11T18:38:35.794264559;;0;0
2026-09-11T18:38:37.754841389;;0;0
2026-09-11T18:38:39.826448973;;0;0
2026-09-11T18:38:41.829952866;;0;0
2026-09-11T18:38:44.493553996;;0;0
2026-09-11T18:38:46.458316215;;0;0
2026-09-11T18:38:48.45605196;;0;0
2026-09-11T18:38:50.42655434;;0;0
2026-09-11T18:38:51.320729836;;0;0
2026-09-11T18:38:53.325604395;;0;0
2026-09-11T18:38:55.299316151;;0;0
2026-09-11T18:38:57.308688470;;0;0
2026-09-11T18:38:58.627715872;;0;0
2026-09-11T18:39:00.644665655;;0;0
2026-09-11T18:39:02.665361204;;0;0
2026-09-11T18:39:04.671241033;;0;0
2026-09-11T18:39:06.645394327;;0;0
2026-09-11T18:39:08.666350511;;0;0
2026-09-11T18:39:10.650032013;;0;0
2026-09-11T18:39:12.629857861;;0;0
2026-09-11T18:39:14.767061606;;0;0
2026-09-11T18:39:16.953243337;;0;0
2026-09-11T18:39:18.935423122;;0;0
2026-09-11T18:39:20.999213441;;0;0
2026-09-11T18:39:23.126358792;;0;0
2026-09-11T18:39:25.278071271;;0;0
2026-09-11T18:39:27.264037163;;0;0
2026-09-11T18:39:29.277954138;;0;0
2026-09-11T18:39:31.430880311;;0;0
2026-09-11T18:39:33.439125393;;0;0
2026-09-11T18:39:34.776495510;;0;0
2026-09-11T18:39:36.840499472;;0;0
2026-09-11T18:39:39.63929277;;0;0
2026-09-11T18:39:41.66835492;;0;0
2026-09-11T18:39:43.43521305;;0;0
2026-09-11T18:39:45.82258380;;0;0
2026-09-11T18:39:47.59330286;;0;0
2026-09-11T18:39:49.81770688;;0;0
2026-09-11T18:39:51.99439585;;0;0
2026-09-11T18:39:53.93660658;;0;0
2026-09-11T18:39:55.80436834;;0;0
2026-09-11T18:39:57.68551739;;0;0
2026-09-11T18:39:59.46467155;;0;0
2026-09-11T18:40:01.14713821;;0;0
2026-09-11T18:40:02.994598848;;0;0
2026-09-11T18:40:04.972277008;;0;0
2026-09-11T18:40:06.954549482;;0;0
2026-09-11T18:40:08.913661286;;0;0
2026-09-11T18:40:10.949423718;;0;0
2026-09-11T18:40:12.264321820;;0;0
2026-09-11T18:40:14.231214993;;0;0
2026-09-11T18:40:16.200143440;;0;0
2026-09-11T18:40:18.183044989;;0;0
2026-09-11T18:40:20.164771872;;0;0
2026-09-11T18:40:22.224769598;;0;0
2026-09-11T18:40:24.258128709;;0;0
2026-09-11T18:40:26.218594746;;0;0
2026-09-11T18:40:28.237522658;;0;0
2026-09-11T18:40:30.185114830;;0;0
2026-09-11T18:40:31.524291199;;0;0
2026-09-11T18:40:33.517735239;;0;0
2026-09-11T18:40:35.510412234;;0;0
2026-09-11T18:40:37.509321013;;0;0
2026-09-11T18:40:39.492065018;;0;0
2026-09-11T18:40:41.464051123;;0;0
2026-09-11T18:40:43.515752178;;0;0
2026-09-11T18:40:44.841402632;;0;0
2026-09-11T18:40:46.842369682;;0;0
2026-09-11T18:40:48.817285397;;0;0
2026-09-11T18:40:50.794632185;;0;0
2026-09-11T18:40:52.797940758;;0;0
2026-09-11T18:40:54.794123099;;0;0
2026-09-11T18:40:56.839548869;;0;0
2026-09-11T18:40:58.165822910;;0;0
2026-09-11T18:41:00.140664858;;0;0
2026-09-11T18:41:02.113881211;;0;0
2026-09-11T18:41:04.233858079;;0;0
2026-09-11T18:41:06.263453780;;0;0
2026-09-11T18:41:08.315763554;;0;0
2026-09-11T18:41:10.394436229;;0;0
2026-09-11T18:41:12.511449076;;0;0
2026-09-11T18:41:14.95389611;;0;0
2026-09-11T18:41:16.386704800;;0;0
2026-09-11T18:41:18.568913534;;0;0
2026-09-11T18:41:21.130839561;;0;0
2026-09-11T18:41:25.152537729;;0;0
2026-09-11T18:41:27.393486783;;0;0
2026-09-11T18:41:30.705405175;;0;0
2026-09-11T18:41:32.981426406;;0;0
2026-09-11T18:41:34.999099137;;0;0
2026-09-11T18:41:36.378038246;;0;0
2026-09-11T18:41:38.627372038;;0;0
2026-09-11T18:41:40.100428644;;0;0
2026-09-11T18:41:42.223604755;;0;0
2026-09-11T18:41:43.612741448;;0;0
2026-09-11T18:41:45.701214970;;0;0
2026-09-11T18:41:47.810433242;;0;0
2026-09-11T18:41:49.910707269;;0;0
2026-09-11T18:41:51.997200215;;0;0
2026-09-11T18:41:53.390705843;;0;0
2026-09-11T18:41:55.414404060;;0;0
2026-09-11T18:41:57.528512039;;0;0
2026-09-11T18:41:59.511883430;;0;0
2026-09-11T18:42:01.811964699;;0;0
2026-09-11T18:42:04.109207471;;0;0
2026-09-11T18:42:06.114128353;;0;0
2026-09-11T18:42:08.99841612;;0;0
2026-09-11T18:42:10.77107367;;0;0
2026-09-11T18:42:11.431284833;;0;0
2026-09-11T18:42:13.475818017;;0;0
2026-09-11T18:42:15.472160543;;0;0
2026-09-11T18:42:17.608731407;;0;0
2026-09-11T18:42:19.845562805;;0;0
2026-09-11T18:42:22.445544289;;0;0
2026-09-11T18:42:24.517020384;;0;0
2026-09-11T18:42:25.853998817;;0;0
2026-09-11T18:42:27.920057096;;0;0
2026-09-11T18:42:30.225792200;;0;0
2026-09-11T18:42:32.317506817;;0;0
2026-09-11T18:42:34.400873673;;0;0
2026-09-11T18:42:36.560463664;;0;0
2026-09-11T18:42:38.553608194;;0;0
2026-09-11T18:42:40.673719734;;0;0
2026-09-11T18:42:42.683324713;;0;0
2026-09-11T18:42:45.6457543;;0;0
2026-09-11T18:42:47.358442219;;0;0
2026-09-11T18:42:49.511333330;;0;0
2026-09-11T18:42:51.752737001;;0;0
2026-09-11T18:42:53.779273662;;0;0
2026-09-11T18:42:55.784798900;;0;0
2026-09-11T18:42:57.871902885;;0;0
2026-09-11T18:42:59.867190185;;0;0
2026-09-11T18:43:01.958008101;;0;0
2026-09-11T18:43:04.80163619;;0;0
2026-09-11T18:43:06.66617760;;0;0
2026-09-11T18:43:08.95198479;;0;0
2026-09-11T18:43:10.301316079;;0;0
2026-09-11T18:43:12.546491607;;0;0
2026-09-11T18:43:14.538945444;;0;0
2026-09-11T18:43:16.521392685;;0;0
2026-09-11T18:43:18.769616642;;0;0
2026-09-11T18:43:20.748138892;;0;0
2026-09-11T18:43:22.774206125;;0;0
2026-09-11T18:43:24.861817885;;0;0
2026-09-11T18:43:27.12909562;;0;0
2026-09-11T18:43:29.6831370;;0;0
2026-09-11T18:43:30.991829260;;0;0
2026-09-11T18:43:32.325488654;;0;0
2026-09-11T18:43:34.409883404;;0;0
2026-09-11T18:43:36.432414092;;0;0
2026-09-11T18:43:38.700174968;;0;0
2026-09-11T18:43:40.835653434;;0;0
2026-09-11T18:43:42.826683414;;0;0
2026-09-11T18:43:44.839889412;;0;0
2026-09-11T18:43:46.825127762;;0;0
2026-09-11T18:43:48.850311394;;0;0
2026-09-11T18:43:50.869416983;;0;0
2026-09-11T18:43:52.914647595;;0;0
2026-09-11T18:43:54.922622488;;0;0
2026-09-11T18:43:56.956461701;;0;0
2026-09-11T18:43:59.225652916;;0;0
2026-09-11T18:44:01.266294856;;0;0
2026-09-11T18:44:03.393385611;;0;0
2026-09-11T18:44:05.387091071;;0;0
2026-09-11T18:44:07.586247164;;0;0
2026-09-11T18:44:09.778873205;;0;0
2026-09-11T18:44:11.764601936;;0;0
2026-09-11T18:44:13.997962873;;0;0
2026-09-11T18:44:16.80761816;;0;0
2026-09-11T18:44:18.137529217;;0;0
2026-09-11T18:44:20.282595776;;0;0
2026-09-11T18:44:22.280734181;;0;0
2026-09-11T18:44:24.258682449;;0;0
2026-09-11T18:44:26.543874916;;0;0
2026-09-11T18:44:28.717215952;;0;0
2026-09-11T18:44:30.851175975;;0;0
2026-09-11T18:44:33.71780139;;0;0
2026-09-11T18:44:35.203135554;;0;0
2026-09-11T18:44:37.347807123;;0;0
2026-09-11T18:44:39.427411003;;0;0
2026-09-11T18:44:41.452801848;;0;0
2026-09-11T18:44:43.614512388;;0;0
2026-09-11T18:44:45.973428632;;0;0
2026-09-11T18:44:48.66779564;;0;0
2026-09-11T18:44:50.192031327;;0;0
2026-09-11T18:44:52.447719292;;0;0
2026-09-11T18:44:54.573950225;;0;0
2026-09-11T18:44:56.618706468;;0;0
2026-09-11T18:44:58.747738784;;0;0
2026-09-11T18:45:00.959800283;;0;0
2026-09-11T18:45:03.205535956;;0;0
2026-09-11T18:45:05.175746497;;0;0
2026-09-11T18:45:06.577018370;;0;0
2026-09-11T18:45:08.577254057;;0;0
2026-09-11T18:45:10.713742609;;0;0
2026-09-11T18:45:12.778421068;;0;0
2026-09-11T18:45:14.775694199;;0;0
2026-09-11T18:45:16.748448234;;0;0
2026-09-11T18:45:18.819979573;;0;0
2026-09-11T18:45:20.856297608;;0;0
2026-09-11T18:45:22.282204671;;0;0
2026-09-11T18:45:24.331097934;;0;0
2026-09-11T18:45:26.488977751;;0;0
2026-09-11T18:45:28.536862607;;0;0
2026-09-11T18:45:30.612696066;;0;0
2026-09-11T18:45:31.997240213;;0;0
2026-09-11T18:45:33.968223004;;0;0
2026-09-11T18:45:35.957434408;;0;0
2026-09-11T18:45:37.946145889;;0;0
2026-09-11T18:45:40.302430289;;0;0
2026-09-11T18:45:41.669380317;;0;0
2026-09-11T18:45:43.698218845;;0;0
2026-09-11T18:45:45.734770689;;0;0
2026-09-11T18:45:47.712499277;;0;0
2026-09-11T18:45:49.842003833;;0;0
2026-09-11T18:45:52.158558628;;0;0
2026-09-11T18:45:54.580914652;;0;0
2026-09-11T18:45:56.640509350;;0;0
2026-09-11T18:45:58.686596936;;0;0
2026-09-11T18:46:00.733866287;;0;0
2026-09-11T18:46:02.214649188;;0;0
2026-09-11T18:46:04.327092669;;0;0
2026-09-11T18:46:06.406556622;;0;0
2026-09-11T18:46:08.537027676;;0;0
2026-09-11T18:46:10.831762740;;0;0
2026-09-11T18:46:13.938481626;;0;0
2026-09-11T18:46:15.258501974;;0;0
2026-09-11T18:46:16.995578060;;0;0
2026-09-11T18:46:19.4026801;;0;0
2026-09-11T18:46:20.313292150;;0;0
2026-09-11T18:46:22.343048351;;0;0
2026-09-11T18:46:24.419844529;;0;0
2026-09-11T18:46:26.390782352;;0;0
2026-09-11T18:46:28.349374154;;0;0
2026-09-11T18:46:30.309005474;;0;0
2026-09-11T18:46:32.286993542;;0;0
2026-09-11T18:46:34.241956349;;0;0
2026-09-11T18:46:36.194856357;;0;0
2026-09-11T18:46:38.257045085;;0;0
2026-09-11T18:46:40.250029259;;0;0
2026-09-11T18:46:42.209101112;;0;0
2026-09-11T18:46:44.212472460;;0;0
2026-09-11T18:46:46.216977654;;0;0
2026-09-11T18:46:48.187634433;;0;0
2026-09-11T18:46:50.155446456;;0;0
2026-09-11T18:46:52.144943096;;0;0
2026-09-11T18:46:54.108695299;;0;0
2026-09-11T18:46:56.206122586;;0;0
2026-09-11T18:46:58.277307912;;0;0
2026-09-11T18:47:00.363408242;;0;0
2026-09-11T18:47:02.552795473;;0;0
2026-09-11T18:47:04.178303134;;0;0
2026-09-11T18:47:06.901677099;;0;0
2026-09-11T18:47:08.911546467;;0;0
2026-09-11T18:47:10.959793224;;0;0
2026-09-11T18:47:12.268011954;;0;0
2026-09-11T18:47:14.364838363;;0;0
2026-09-11T18:47:16.314320483;;0;0
2026-09-11T18:47:18.310438138;;0;0
2026-09-11T18:47:20.323345774;;0;0
2026-09-11T18:47:22.283801775;;0;0
2026-09-11T18:47:24.271544108;;0;0
2026-09-11T18:47:26.257603753;;0;0
2026-09-11T18:47:28.247386784;;0;0
2026-09-11T18:47:30.211683479;;0;0
2026-09-11T18:47:32.269069957;;0;0
2026-09-11T18:47:34.394966971;;0;0
2026-09-11T18:47:36.481028918;;0;0
2026-09-11T18:47:38.462919244;;0;0
2026-09-11T18:47:40.462268417;;0;0
2026-09-11T18:47:42.422681907;;0;0
2026-09-11T18:47:44.556111623;;0;0
2026-09-11T18:47:46.937921889;;0;0
2026-09-11T18:47:48.976957769;;0;0
2026-09-11T18:47:51.95577697;;0;0
2026-09-11T18:47:53.243675375;;0;0
2026-09-11T18:47:55.198607403;;0;0
2026-09-11T18:47:57.242468636;;0;0
2026-09-11T18:47:59.236478587;;0;0
2026-09-11T18:48:01.321363391;;0;0
2026-09-11T18:48:03.325729563;;0;0
2026-09-11T18:48:05.329447979;;0;0
2026-09-11T18:48:07.302959479;;0;0
2026-09-11T18:48:09.286906732;;0;0
2026-09-11T18:48:11.289205889;;0;0
2026-09-11T18:48:12.595547310;;0;0
2026-09-11T18:48:14.562073338;;0;0
2026-09-11T18:48:16.570058616;;0;0
2026-09-11T18:48:18.536796767;;0;0
2026-09-11T18:48:20.526583299;;0;0
2026-09-11T18:48:22.543650567;;0;0
2026-09-11T18:48:24.557513382;;0;0
2026-09-11T18:48:25.875331444;;0;0
2026-09-11T18:48:27.860350148;;0;0
2026-09-11T18:48:29.818417977;;0;0
2026-09-11T18:48:31.882747060;;0;0
2026-09-11T18:48:33.995214171;;0;0
2026-09-11T18:48:36.159349186;;0;0
2026-09-11T18:48:38.835550620;;0;0
2026-09-11T18:48:41.19270579;;0;0
2026-09-11T18:48:43.60494748;;0;0
2026-09-11T18:48:45.156309907;;0;0
2026-09-11T18:48:46.445844542;;0;0
2026-09-11T18:48:48.520697313;;0;0
2026-09-11T18:48:50.512118552;;0;0
2026-09-11T18:48:52.488761775;;0;0
2026-09-11T18:48:54.555801555;;0;0
2026-09-11T18:48:56.546168051;;0;0
2026-09-11T18:48:58.562255283;;0;0
2026-09-11T18:49:00.575580671;;0;0
2026-09-11T18:49:02.609798973;;0;0
2026-09-11T18:49:04.583418326;;0;0
2026-09-11T18:49:05.918531600;;0;0
2026-09-11T18:49:07.914590629;;0;0
2026-09-11T18:49:09.943162840;;0;0
2026-09-11T18:49:11.983953531;;0;0
2026-09-11T18:49:13.959968247;;0;0
2026-09-11T18:49:16.41589683;;0;0
2026-09-11T18:49:18.132371280;;0;0
2026-09-11T18:49:20.130845428;;0;0
2026-09-11T18:49:22.150159137;;0;0
2026-09-11T18:49:24.125090976;;0;0
2026-09-11T18:49:26.118806577;;0;0
2026-09-11T18:49:28.104433662;;0;0
2026-09-11T18:49:30.177120501;;0;0
2026-09-11T18:49:32.238510151;;0;0
2026-09-11T18:49:33.725728406;;0;0
2026-09-11T18:49:35.772115254;;0;0
